Instance,Distance,Vehicles,Veh Time (s),Dist Time (s),Total Time (s),Timestamp
C1_n100_d100_0001.csv,1797.4,14,80.12,150.04,230.18,2026-04-28 19:57:44
C1_n100_d100_0002.csv,2063.6,22,60.06,150.05,210.13,2026-04-28 20:01:14
C1_n100_d100_0003.csv,2156.4,21,60.06,150.04,210.13,2026-04-28 20:04:44
C1_n100_d100_0004.csv,2156,22,60.09,150.04,210.15,2026-04-28 20:08:14
C1_n100_d100_0005.csv,2249.3,22,60.09,150.04,210.15,2026-04-28 20:11:44
C1_n100_d100_0006.csv,2097.6,15,100.13,150.04,250.19,2026-04-28 20:15:54
C1_n100_d100_0007.csv,1846.9,14,100.14,150.04,250.21,2026-04-28 20:20:05
C1_n100_d100_0008.csv,2120,15,80.11,150.05,230.18,2026-04-28 20:23:55
C1_n100_d100_0009.csv,2076.7,22,60.07,150.05,210.14,2026-04-28 20:27:25
C1_n100_d100_0010.csv,1764.9,15,60.1,150.04,210.16,2026-04-28 20:30:55
C1_n100_d100_0011.csv,2067.1,17,60.06,150.04,210.14,2026-04-28 20:34:25
C1_n100_d100_0012.csv,1971.6,16,80.15,150.04,230.21,2026-04-28 20:38:15
C1_n100_d100_0013.csv,2118.4,20,60.08,150.04,210.16,2026-04-28 20:41:46
C1_n100_d100_0014.csv,2002.6,19,40.04,150.07,190.16,2026-04-28 20:44:56
C1_n100_d100_0015.csv,1951.4,14,100.16,150.06,250.25,2026-04-28 20:49:06
C1_n100_d100_0016.csv,1957.2,15,80.12,150.04,230.2,2026-04-28 20:52:56
C1_n100_d100_0017.csv,1829.9,16,80.1,150.04,230.16,2026-04-28 20:56:46
C1_n100_d100_0018.csv,1914.2,17,60.06,150.04,210.13,2026-04-28 21:00:16
C1_n100_d100_0019.csv,2138,14,100.14,150.04,250.21,2026-04-28 21:04:27
C1_n100_d100_0020.csv,2007.6,17,80.13,150.05,230.2,2026-04-28 21:08:17
C1_n100_d100_0021.csv,1936,15,100.12,150.05,250.2,2026-04-28 21:12:27
C1_n100_d100_0022.csv,1999.6,19,40.08,150.04,190.15,2026-04-28 21:15:37
C1_n100_d100_0023.csv,1950.3,18,60.07,150.04,210.14,2026-04-28 21:19:07
C1_n100_d100_0024.csv,1994.4,14,120.2,150.06,270.29,2026-04-28 21:23:38
C1_n100_d100_0025.csv,2133.6,24,60.07,150.04,210.15,2026-04-28 21:27:08
C1_n100_d100_0026.csv,2131.7,14,100.14,150.04,250.2,2026-04-28 21:31:18
C1_n100_d100_0027.csv,1941.1,14,100.15,150.04,250.22,2026-04-28 21:35:28
C1_n100_d100_0028.csv,1958.5,15,80.12,150.04,230.19,2026-04-28 21:39:18
C1_n100_d100_0029.csv,2027.8,21,40.04,150.05,190.11,2026-04-28 21:42:29
C1_n100_d100_0030.csv,2026,19,40.04,150.04,190.11,2026-04-28 21:45:39
C1_n100_d100_0031.csv,1907.9,15,60.08,150.04,210.14,2026-04-28 21:49:09
C1_n100_d100_0032.csv,2078.6,16,80.16,150.04,230.22,2026-04-28 21:52:59
C1_n100_d100_0033.csv,2165.9,15,120.17,150.03,270.22,2026-04-28 21:57:29
C1_n100_d100_0034.csv,2053.9,15,80.16,150.04,230.22,2026-04-28 22:01:19
C1_n100_d100_0035.csv,2273,24,60.08,150.04,210.14,2026-04-28 22:04:50
C1_n100_d100_0036.csv,2015.2,19,60.08,150.06,210.17,2026-04-28 22:08:20
C1_n100_d100_0037.csv,2271.4,23,60.06,150.04,210.13,2026-04-28 22:11:50
C1_n100_d100_0038.csv,1993.3,14,80.11,150.04,230.17,2026-04-28 22:15:40
C1_n100_d100_0039.csv,1844.7,15,60.07,150.04,210.15,2026-04-28 22:19:10
C1_n100_d100_0040.csv,2174.4,14,120.2,150.04,270.26,2026-04-28 22:23:40
C1_n100_d100_0041.csv,2340.3,22,60.07,150.07,210.17,2026-04-28 22:27:11
C1_n100_d100_0042.csv,2054.8,15,80.14,150.05,230.22,2026-04-28 22:31:01
C1_n100_d100_0043.csv,1860.5,18,40.03,150.04,190.12,2026-04-28 22:34:11
C1_n100_d100_0044.csv,1995,17,60.06,150.03,210.12,2026-04-28 22:37:41
C1_n100_d100_0045.csv,2026.7,14,100.16,150.04,250.22,2026-04-28 22:41:51
C1_n100_d100_0046.csv,1972.8,15,80.11,150.04,230.19,2026-04-28 22:45:42
C1_n100_d100_0047.csv,1867.7,14,80.12,150.05,230.2,2026-04-28 22:49:32
C1_n100_d100_0048.csv,1864.9,16,80.11,150.05,230.18,2026-04-28 22:53:22
C1_n100_d100_0049.csv,2192.7,22,60.09,150.04,210.15,2026-04-28 22:56:52
C1_n100_d100_0050.csv,2088.4,20,60.09,150.04,210.15,2026-04-28 23:00:22
C1_n100_d100_0051.csv,1992.6,17,80.12,150.04,230.18,2026-04-28 23:04:12
C1_n100_d100_0052.csv,2048.8,15,100.16,150.04,250.23,2026-04-28 23:08:23
C1_n100_d100_0053.csv,2104.9,19,60.09,150.04,210.17,2026-04-28 23:11:53
C1_n100_d100_0054.csv,2507.1,16,80.13,150.04,230.2,2026-04-28 23:15:43
C1_n100_d100_0055.csv,2177.8,15,80.12,150.03,230.18,2026-04-28 23:19:33
C1_n100_d100_0056.csv,1952.7,16,80.11,150.04,230.18,2026-04-28 23:23:23
C1_n100_d100_0057.csv,1933.4,16,80.13,150.04,230.21,2026-04-28 23:27:14
C1_n100_d100_0058.csv,2029.5,16,80.1,150.04,230.16,2026-04-28 23:31:04
C1_n100_d100_0059.csv,2022.8,18,60.07,150.04,210.14,2026-04-28 23:34:34
C1_n100_d100_0060.csv,1994.5,18,60.09,150.04,210.16,2026-04-28 23:38:04
C1_n100_d100_0061.csv,2367,24,40.04,150.04,190.11,2026-04-28 23:41:14
C1_n100_d100_0062.csv,2136.4,20,60.07,150.03,210.13,2026-04-28 23:44:44
C1_n100_d100_0063.csv,2081.5,15,80.16,150.07,230.26,2026-04-28 23:48:34
C1_n100_d100_0064.csv,2080.2,15,100.23,150.04,250.3,2026-04-28 23:52:45
C1_n100_d100_0065.csv,2027.8,14,80.14,150.04,230.21,2026-04-28 23:56:35
C1_n100_d100_0066.csv,1854.3,18,80.13,150.04,230.19,2026-04-29 00:00:25
C1_n100_d100_0067.csv,1955.6,16,80.1,535.02,615.15,2026-04-29 00:10:40
C1_n100_d100_0068.csv,1833,17,60.1,150.03,210.16,2026-04-29 00:14:11
C1_n100_d100_0069.csv,1965.5,20,40.06,150.04,190.12,2026-04-29 00:17:21
C1_n100_d100_0070.csv,1945.6,15,80.15,150.04,230.23,2026-04-29 00:21:11
C1_n100_d100_0071.csv,1955.1,15,60.11,150.06,210.21,2026-04-29 00:24:41
C1_n100_d100_0072.csv,1978.7,14,100.2,150.07,250.3,2026-04-29 00:28:51
C1_n100_d100_0073.csv,1937.2,17,60.12,150.06,210.2,2026-04-29 00:32:22
C1_n100_d100_0074.csv,1952.9,15,100.16,150.04,250.23,2026-04-29 00:36:32
C1_n100_d100_0075.csv,1835.1,15,80.11,150.05,230.18,2026-04-29 00:40:22
C1_n100_d100_0076.csv,2114.1,16,100.16,150.04,250.22,2026-04-29 00:44:32
C1_n100_d100_0077.csv,1906.8,17,60.06,150.04,210.12,2026-04-29 00:48:02
C1_n100_d100_0078.csv,2010.2,19,60.06,150.04,210.12,2026-04-29 00:51:32
C1_n100_d100_0079.csv,2064.7,15,120.21,150.04,270.27,2026-04-29 00:56:03
C1_n100_d100_0080.csv,1876.5,16,80.11,150.04,230.18,2026-04-29 00:59:53
C1_n100_d100_0081.csv,2205,16,80.11,150.05,230.19,2026-04-29 01:03:43
C1_n100_d100_0082.csv,2058.4,14,80.16,150.04,230.23,2026-04-29 01:07:33
C1_n100_d100_0083.csv,2117,22,40.04,150.04,190.14,2026-04-29 01:10:43
C1_n100_d100_0084.csv,2045.1,21,60.07,150.04,210.14,2026-04-29 01:14:14
C1_n100_d100_0085.csv,2097.9,14,80.12,150.04,230.19,2026-04-29 01:18:04
C1_n100_d100_0086.csv,1879.4,14,80.11,150.05,230.2,2026-04-29 01:21:54
C1_n100_d100_0087.csv,2142.7,22,40.05,150.04,190.12,2026-04-29 01:25:04
C1_n100_d25_0001.csv,1553.7,15,40.08,150.04,190.14,2026-04-29 01:28:14
C1_n100_d25_0002.csv,1460.2,15,40.05,150.04,190.13,2026-04-29 01:31:24
C1_n100_d25_0003.csv,1201.1,10,40.04,150.04,190.1,2026-04-29 01:34:35
C1_n100_d25_0004.csv,1361.5,13,40.04,150.04,190.1,2026-04-29 01:37:45
C1_n100_d25_0005.csv,1969.7,22,40.04,150.03,190.12,2026-04-29 01:40:55
C1_n100_d25_0006.csv,1293.8,11,40.05,150.05,190.14,2026-04-29 01:44:05
C1_n100_d25_0007.csv,2026.2,21,40.03,150.06,190.12,2026-04-29 01:47:15
C1_n100_d25_0008.csv,1876.6,19,40.05,150.04,190.11,2026-04-29 01:50:25
C1_n100_d25_0009.csv,1694.6,17,40.04,150.05,190.14,2026-04-29 01:53:35
C1_n100_d25_0010.csv,1335.6,12,40.04,150.04,190.11,2026-04-29 01:56:45
C1_n100_d25_0011.csv,1882.5,19,40.06,150.04,190.12,2026-04-29 01:59:55
C1_n100_d25_0012.csv,1547.2,15,40.04,150.04,190.11,2026-04-29 02:03:06
C1_n100_d25_0013.csv,1219.8,10,60.07,150.04,210.13,2026-04-29 02:06:36
C1_n100_d25_0014.csv,1235.3,10,60.08,150.04,210.15,2026-04-29 02:10:06
C1_n100_d25_0015.csv,2166.6,23,40.06,150.05,190.13,2026-04-29 02:13:16
C1_n100_d25_0016.csv,1593,17,40.04,150.04,190.11,2026-04-29 02:16:26
C1_n100_d25_0017.csv,1440.3,14,40.04,150.07,190.13,2026-04-29 02:19:36
C1_n100_d25_0018.csv,1301.2,12,40.07,150.04,190.15,2026-04-29 02:22:46
C1_n100_d25_0019.csv,1565.4,17,40.04,150.04,190.11,2026-04-29 02:25:57
C1_n100_d25_0020.csv,1712.4,19,40.06,150.04,190.12,2026-04-29 02:29:07
C1_n100_d25_0021.csv,1212.9,11,40.04,150.04,190.1,2026-04-29 02:32:17
C1_n100_d25_0022.csv,1834.6,20,40.03,150.03,190.09,2026-04-29 02:35:27
C1_n100_d25_0023.csv,1592.5,17,40.03,150.03,190.09,2026-04-29 02:38:37
C1_n100_d25_0024.csv,1232.8,11,60.09,150.04,210.16,2026-04-29 02:42:07
C1_n100_d25_0025.csv,1863.9,20,40.04,150.04,190.12,2026-04-29 02:45:17
C1_n100_d25_0026.csv,1469.1,14,60.1,150.04,210.17,2026-04-29 02:48:47
C1_n100_d25_0027.csv,1650.9,17,40.06,150.03,190.14,2026-04-29 02:51:58
C1_n100_d25_0028.csv,2017.6,22,40.04,150.04,190.11,2026-04-29 02:55:08
C1_n100_d25_0029.csv,1743,18,40.04,150.03,190.1,2026-04-29 02:58:18
C1_n100_d25_0030.csv,1752.7,18,40.03,150.04,190.1,2026-04-29 03:01:28
C1_n100_d25_0031.csv,1665.1,17,40.04,150.04,190.11,2026-04-29 03:04:38
C1_n100_d25_0032.csv,1219,10,60.07,150.04,210.14,2026-04-29 03:08:08
C1_n100_d25_0033.csv,1917.5,21,40.05,150.03,190.11,2026-04-29 03:11:18
C1_n100_d25_0034.csv,1671.2,17,40.04,150.04,190.11,2026-04-29 03:14:28
C1_n100_d25_0035.csv,1314.4,13,40.04,150.07,190.2,2026-04-29 03:17:38
C1_n100_d25_0036.csv,1313.1,12,60.09,150.04,210.16,2026-04-29 03:21:09
C1_n100_d25_0037.csv,1510.3,14,60.1,150.04,210.25,2026-04-29 03:24:39
C1_n100_d25_0038.csv,1868.9,20,40.03,150.03,190.16,2026-04-29 03:27:49
C1_n100_d50_0001.csv,1857.4,19,60.06,150.04,210.21,2026-04-29 03:31:19
C1_n100_d50_0002.csv,2247.2,22,60.06,150.03,210.12,2026-04-29 03:34:49
C1_n100_d50_0003.csv,1447.9,13,40.04,150.06,190.12,2026-04-29 03:38:00
C1_n100_d50_0004.csv,1890.9,19,60.09,150.04,210.15,2026-04-29 03:41:30
C1_n100_d50_0005.csv,1481.3,14,60.07,150.07,210.26,2026-04-29 03:45:00
C1_n100_d50_0006.csv,2218.4,24,60.07,150.05,210.22,2026-04-29 03:48:30
C1_n100_d50_0007.csv,1675.6,10,100.17,150.05,250.32,2026-04-29 03:52:40
C1_n100_d50_0008.csv,1964.9,21,40.03,150.03,190.1,2026-04-29 03:55:51
C1_n100_d50_0009.csv,1900.9,20,40.07,150.03,190.21,2026-04-29 03:59:01
C1_n100_d50_0010.csv,1796,18,60.06,150.05,210.13,2026-04-29 04:02:31
C1_n100_d50_0011.csv,1950.9,19,40.04,150.05,190.11,2026-04-29 04:05:41
C1_n100_d50_0012.csv,1647.2,16,40.04,150.05,190.11,2026-04-29 04:08:51
C1_n100_d50_0013.csv,1393.2,10,80.12,150.04,230.19,2026-04-29 04:12:41
C1_n100_d50_0014.csv,1866.7,18,60.07,150.04,210.14,2026-04-29 04:16:11
C1_n100_d50_0015.csv,1488,13,40.04,150.04,190.11,2026-04-29 04:19:22
C1_n100_d50_0016.csv,1464.7,14,40.06,150.04,190.13,2026-04-29 04:22:32
C1_n100_d50_0017.csv,1351.8,10,60.1,150.04,210.24,2026-04-29 04:26:02
C1_n100_d50_0018.csv,1425.7,10,80.13,150.04,230.27,2026-04-29 04:29:52
C1_n100_d50_0019.csv,1739.7,18,40.04,150.03,190.18,2026-04-29 04:33:02
C1_n100_d50_0020.csv,2092,23,40.06,150.04,190.2,2026-04-29 04:36:13
C1_n100_d50_0021.csv,2082.4,21,40.05,150.04,190.11,2026-04-29 04:39:23
C1_n100_d50_0022.csv,1516.8,11,80.14,150.04,230.2,2026-04-29 04:43:13
C1_n100_d50_0023.csv,1814,19,40.06,150.04,190.12,2026-04-29 04:46:23
C1_n100_d50_0024.csv,1495.5,14,60.06,150.04,210.13,2026-04-29 04:49:53
C1_n100_d50_0025.csv,2001,20,60.06,150.05,210.13,2026-04-29 04:53:23
C1_n100_d50_0026.csv,1464.1,12,60.07,150.04,210.13,2026-04-29 04:56:53
C1_n100_d50_0027.csv,1503.4,9,100.15,150.06,250.3,2026-04-29 05:01:04
C1_n100_d50_0028.csv,1910,21,40.08,150.04,190.17,2026-04-29 05:04:14
C1_n100_d50_0029.csv,2165.7,22,40.03,150.04,190.1,2026-04-29 05:07:24
C1_n100_d50_0030.csv,1393.2,12,40.04,150.04,190.21,2026-04-29 05:10:34
C1_n100_d50_0031.csv,1993.2,19,40.06,150.04,190.19,2026-04-29 05:13:44
C1_n100_d50_0032.csv,1631.9,15,40.04,150.05,190.14,2026-04-29 05:16:55
C1_n100_d50_0033.csv,1417.5,12,40.04,150.05,190.15,2026-04-29 05:20:05
C1_n100_d50_0034.csv,1510.5,11,60.07,150.04,210.14,2026-04-29 05:23:35
C1_n100_d50_0035.csv,1365,11,60.07,150.05,210.22,2026-04-29 05:27:05
C1_n100_d50_0036.csv,1486.7,13,40.04,150.03,190.18,2026-04-29 05:30:15
C1_n100_d50_0037.csv,1263.5,10,40.05,150.06,190.14,2026-04-29 05:33:25
C1_n100_d50_0038.csv,1734.9,18,40.04,150.1,190.26,2026-04-29 05:36:36
C1_n100_d50_0039.csv,1436.7,10,60.1,150.04,210.19,2026-04-29 05:40:06
C1_n100_d50_0040.csv,1782.3,19,40.03,150.03,190.1,2026-04-29 05:43:16
C1_n100_d50_0041.csv,1955.7,21,40.03,150.04,190.19,2026-04-29 05:46:26
C1_n100_d50_0042.csv,2049.2,22,40.03,150.04,190.1,2026-04-29 05:49:36
C1_n100_d50_0043.csv,1356.5,12,40.05,150.07,190.15,2026-04-29 05:52:46
C1_n100_d50_0044.csv,1568.6,13,60.08,150.04,210.14,2026-04-29 05:56:17
C1_n100_d50_0045.csv,1351.5,11,40.04,150.04,190.11,2026-04-29 05:59:27
C1_n100_d50_0046.csv,1450.8,13,60.07,150.04,210.14,2026-04-29 10:39:00
C1_n100_d50_0047.csv,2168.4,24,40.03,150.05,190.18,2026-04-29 10:42:10
C1_n100_d50_0048.csv,1775.4,19,40.05,150.04,190.18,2026-04-29 10:45:20
C1_n100_d50_0049.csv,1972.1,21,40.04,150.04,190.12,2026-04-29 10:48:31
C1_n100_d50_0050.csv,1469.5,10,80.13,150.03,230.26,2026-04-29 10:52:21
C1_n100_d75_0001.csv,1607.5,14,80.09,150.05,230.16,2026-04-29 10:56:11
C1_n100_d75_0002.csv,2137.7,22,40.04,150.04,190.19,2026-04-29 10:59:21
C1_n100_d75_0003.csv,2073.7,22,40.03,150.04,190.09,2026-04-29 11:02:31
C1_n100_d75_0004.csv,1801.5,14,80.1,150.04,230.24,2026-04-29 11:06:22
C1_n100_d75_0005.csv,1970.3,20,40.06,150.05,190.13,2026-04-29 11:09:32
C1_n100_d75_0006.csv,2188.7,22,40.04,150.04,190.11,2026-04-29 11:12:42
C1_n100_d75_0007.csv,1681.6,14,60.07,150.04,210.21,2026-04-29 11:16:12
C1_n100_d75_0008.csv,1661.1,11,100.17,150.05,250.25,2026-04-29 11:20:22
C1_n100_d75_0009.csv,1711,11,100.15,150.03,250.21,2026-04-29 11:24:32
C1_n100_d75_0010.csv,1731.9,13,80.09,150.04,230.24,2026-04-29 11:28:23
C1_n100_d75_0011.csv,1949.4,15,80.12,150.04,230.2,2026-04-29 11:32:13
C1_n100_d75_0012.csv,1659.6,16,40.05,150.04,190.19,2026-04-29 11:35:23
C1_n100_d75_0013.csv,1684.1,12,100.14,150.05,250.21,2026-04-29 11:39:33
C1_n100_d75_0014.csv,1754.2,11,100.14,150.04,250.22,2026-04-29 11:43:44
C1_n100_d75_0015.csv,2130,22,40.04,150.04,190.11,2026-04-29 11:46:54
C1_n100_d75_0016.csv,1752.6,14,80.12,150.04,230.19,2026-04-29 11:50:44
C1_n100_d75_0017.csv,2179.4,25,40.04,150.04,190.1,2026-04-29 11:53:54
C1_n100_d75_0018.csv,1773,12,100.16,150.05,250.24,2026-04-29 11:58:04
C1_n100_d75_0019.csv,1966.4,10,100.17,150.05,250.33,2026-04-29 12:02:14
C1_n100_d75_0020.csv,2087.5,21,40.04,150.04,190.1,2026-04-29 12:05:25
C1_n100_d75_0021.csv,1566.1,12,80.12,150.04,230.21,2026-04-29 12:09:15
C1_n100_d75_0022.csv,1690.4,13,100.14,150.03,250.26,2026-04-29 12:13:25
C1_n100_d75_0023.csv,1652.5,16,40.05,150.04,190.12,2026-04-29 12:16:35
C1_n100_d75_0024.csv,1845.8,19,40.07,150.04,190.13,2026-04-29 12:19:45
C1_n100_d75_0025.csv,2045.1,21,60.06,150.04,210.2,2026-04-29 12:23:16
C1_n100_d75_0026.csv,2436.1,24,60.08,150.04,210.23,2026-04-29 12:26:46
C1_n100_d75_0027.csv,1666.3,12,80.1,150.03,230.16,2026-04-29 12:30:36
C1_n100_d75_0028.csv,1746.5,16,40.03,150.04,190.1,2026-04-29 12:33:46
C1_n100_d75_0029.csv,1791,16,60.1,150.04,210.26,2026-04-29 12:37:16
C1_n100_d75_0030.csv,2094.8,23,40.03,150.05,190.18,2026-04-29 12:40:26
C1_n100_d75_0031.csv,2040.3,22,40.03,150.04,190.12,2026-04-29 12:43:37
C1_n100_d75_0032.csv,2086.3,17,100.17,150.05,250.26,2026-04-29 12:47:47
C1_n100_d75_0033.csv,1740.8,11,100.15,150.04,250.31,2026-04-29 12:51:57
C1_n100_d75_0034.csv,1875.7,18,60.06,150.03,210.19,2026-04-29 12:55:27
C1_n100_d75_0035.csv,1829,19,40.05,150.04,190.12,2026-04-29 12:58:37
C1_n100_d75_0036.csv,1674.8,14,60.07,150.04,210.21,2026-04-29 13:02:08
C1_n100_d75_0037.csv,1983.8,20,60.07,150.04,210.21,2026-04-29 13:05:38
C1_n100_d75_0038.csv,1583.2,15,60.08,150.04,210.14,2026-04-29 13:09:08
C1_n100_d75_0039.csv,1732.5,14,60.08,150.04,210.15,2026-04-29 13:12:38
C1_n100_d75_0040.csv,1925.7,21,40.03,150.04,190.12,2026-04-29 13:15:48
C1_n100_d75_0041.csv,1975.6,18,60.09,150.04,210.16,2026-04-29 13:19:18
C1_n100_d75_0042.csv,1856.5,12,100.15,150.04,250.22,2026-04-29 13:23:29
C1_n100_d75_0043.csv,1922.2,16,80.09,150.05,230.16,2026-04-29 13:27:19
C1_n100_d75_0044.csv,1956.6,21,60.06,150.04,210.13,2026-04-29 13:30:49
C1_n100_d75_0045.csv,1909,13,120.2,150.04,270.26,2026-04-29 13:35:19
C1_n100_d75_0046.csv,2103.6,22,40.04,150.04,190.11,2026-04-29 13:38:29
C1_n100_d75_0047.csv,1592.9,13,80.12,150.04,230.21,2026-04-29 13:42:20
C1_n100_d75_0048.csv,1721.5,12,80.14,150.03,230.2,2026-04-29 13:46:10
C1_n100_d75_0049.csv,1769.3,12,80.1,150.03,230.17,2026-04-29 13:50:00
C1_n100_d75_0050.csv,1790.6,17,60.07,150.04,210.13,2026-04-29 13:53:30
C1_n100_d75_0051.csv,1658.6,16,60.08,150.04,210.17,2026-04-29 13:57:00
C1_n100_d75_0052.csv,1703.8,15,60.06,150.04,210.13,2026-04-29 14:00:30
C1_n100_d75_0053.csv,2116.1,11,120.2,150.05,270.28,2026-04-29 14:05:01
C1_n100_d75_0054.csv,1971.7,11,100.22,150.05,250.3,2026-04-29 14:09:11
C1_n100_d75_0055.csv,2127.3,23,60.07,150.04,210.13,2026-04-29 14:12:41
C1_n100_d75_0056.csv,1621.4,12,80.15,150.04,230.22,2026-04-29 14:16:31
C1_n100_d75_0057.csv,2242.6,24,60.06,150.04,210.13,2026-04-29 14:20:01
C1_n100_d75_0058.csv,1698.4,13,100.17,150.04,250.23,2026-04-29 14:24:12
C1_n100_d75_0059.csv,1929.6,11,80.12,150.04,230.19,2026-04-29 14:28:02
C1_n100_d75_0060.csv,1634.2,14,60.07,150.04,210.14,2026-04-29 14:31:32
C1_n100_d75_0061.csv,1727.6,12,100.14,150.05,250.23,2026-04-29 14:35:42
C1_n100_d75_0062.csv,1807,13,80.1,150.04,230.17,2026-04-29 14:39:32
C1_n100_d75_0063.csv,2207.1,23,60.08,150.07,210.17,2026-04-29 14:43:03
C1_n100_d75_0064.csv,1466.1,11,80.19,150.04,230.26,2026-04-29 14:46:53
C1_n100_d75_0065.csv,2324.1,25,40.08,150.04,190.16,2026-04-29 14:50:03
C1_n100_d75_0066.csv,1773,15,60.07,150.06,210.16,2026-04-29 14:53:33
C1_n100_d75_0067.csv,2113.1,22,40.03,150.04,190.1,2026-04-29 14:56:43
C1_n100_d75_0068.csv,1658.5,12,80.1,150.06,230.2,2026-04-29 15:00:33
C1_n100_d75_0069.csv,1797.1,18,40.05,150.04,190.13,2026-04-29 15:03:44
C1_n100_d75_0070.csv,1545.3,13,80.12,150.03,230.2,2026-04-29 15:07:34
C1_n100_d75_0071.csv,1663.5,14,80.09,150.04,230.15,2026-04-29 15:11:24
C1_n100_d75_0072.csv,2122.5,21,60.06,150.03,210.12,2026-04-29 15:14:54
C1_n100_d75_0073.csv,1765,16,40.06,150.04,190.15,2026-04-29 15:18:04
C1_n100_d75_0074.csv,1706.2,15,60.07,150.05,210.14,2026-04-29 15:21:34
C1_n100_d75_0075.csv,1791.6,14,80.1,150.04,230.16,2026-04-29 15:25:24
C2_n100_d100_0001.csv,1942.6,20,60.06,150.03,210.15,2026-04-29 15:28:55
C2_n100_d100_0002.csv,1420,12,60.09,150.05,210.19,2026-04-29 15:32:25
C2_n100_d100_0003.csv,1917.7,13,60.07,150.03,210.13,2026-04-29 15:35:55
C2_n100_d100_0004.csv,1326.9,9,60.11,150.04,210.17,2026-04-29 15:39:25
C2_n100_d100_0005.csv,1576,13,60.07,150.04,210.14,2026-04-29 15:42:55
C2_n100_d100_0006.csv,1702.6,17,40.05,150.04,190.12,2026-04-29 15:46:05
C2_n100_d100_0007.csv,1927.1,19,40.05,150.04,190.12,2026-04-29 15:49:16
C2_n100_d100_0008.csv,1386.6,9,60.06,150.05,210.15,2026-04-29 15:52:46
C2_n100_d100_0009.csv,1401.9,10,60.08,150.04,210.14,2026-04-29 15:56:16
C2_n100_d100_0010.csv,1669.9,16,40.04,150.04,190.11,2026-04-29 15:59:26
C2_n100_d100_0011.csv,1306.7,10,40.06,150.04,190.15,2026-04-29 16:02:36
C2_n100_d100_0012.csv,1734.6,16,40.03,150.04,190.1,2026-04-29 16:05:46
C2_n100_d100_0013.csv,1673.9,17,40.04,150.03,190.11,2026-04-29 16:08:56
C2_n100_d100_0014.csv,2253.2,25,40.04,150.04,190.11,2026-04-29 16:12:06
C2_n100_d100_0015.csv,1514.9,12,60.06,150.04,210.13,2026-04-29 16:15:37
C2_n100_d100_0016.csv,1859.8,19,60.07,150.04,210.15,2026-04-29 16:19:07
C2_n100_d100_0017.csv,1702.6,15,60.06,150.03,210.13,2026-04-29 16:22:37
C2_n100_d100_0018.csv,2073.8,22,60.06,150.03,210.12,2026-04-29 16:26:07
C2_n100_d100_0019.csv,1604.9,15,40.07,150.04,190.13,2026-04-29 16:29:17
C2_n100_d100_0020.csv,1336.3,12,60.06,150.05,210.13,2026-04-29 16:32:47
C2_n100_d100_0021.csv,1623.9,12,60.07,150.03,210.13,2026-04-29 16:36:17
C2_n100_d100_0022.csv,2006.2,20,40.04,150.03,190.1,2026-04-29 16:39:27
C2_n100_d100_0023.csv,1454,10,60.08,150.05,210.16,2026-04-29 16:42:58
C2_n100_d100_0024.csv,2158.8,22,40.04,150.03,190.1,2026-04-29 16:46:08
C2_n100_d100_0025.csv,1466.9,12,60.11,150.04,210.17,2026-04-29 16:49:38
C2_n100_d100_0026.csv,1797.6,18,40.06,150.04,190.12,2026-04-29 16:52:48
C2_n100_d100_0027.csv,1447.1,12,40.03,150.04,190.1,2026-04-29 16:55:58
C2_n100_d100_0028.csv,1559.6,14,40.04,150.04,190.11,2026-04-29 16:59:08
C2_n100_d100_0029.csv,1617.8,16,60.07,150.06,210.15,2026-04-29 17:02:38
C2_n100_d100_0030.csv,1557.9,12,40.04,150.04,190.1,2026-04-29 17:05:48
C2_n100_d100_0031.csv,1851.3,19,60.06,150.04,210.14,2026-04-29 17:09:19
C2_n100_d100_0032.csv,1322,11,40.03,150.04,190.11,2026-04-29 17:12:29
C2_n100_d100_0033.csv,1573.6,13,60.09,150.04,210.15,2026-04-29 17:15:59
C2_n100_d100_0034.csv,1402.2,10,40.04,150.07,190.15,2026-04-29 17:19:09
C2_n100_d100_0035.csv,1747.3,16,40.06,150.04,190.14,2026-04-29 17:22:19
C2_n100_d100_0036.csv,1708.5,15,60.08,150.04,210.14,2026-04-29 17:25:49
C2_n100_d100_0037.csv,1454.3,13,40.03,150.04,190.09,2026-04-29 17:28:59
C2_n100_d100_0038.csv,1830.3,20,40.05,150.03,190.11,2026-04-29 17:32:09
C2_n100_d100_0039.csv,1439,10,60.06,150.04,210.13,2026-04-29 17:35:40
C2_n100_d100_0040.csv,2261.2,25,40.05,150.04,190.14,2026-04-29 21:44:46
C2_n100_d100_0041.csv,1534.7,14,60.06,150.04,210.13,2026-04-29 21:48:16
C2_n100_d100_0042.csv,1444.7,11,40.04,150.04,190.18,2026-04-29 21:51:26
C2_n100_d100_0043.csv,1968.8,22,60.06,150.03,210.13,2026-04-29 21:54:56
C2_n100_d100_0044.csv,2061.3,22,40.05,150.04,190.12,2026-04-29 21:58:07
C2_n100_d100_0045.csv,1345.7,9,60.09,150.05,210.28,2026-04-29 22:01:37
C2_n100_d100_0046.csv,1483,14,40.04,150.04,190.1,2026-04-29 22:21:27
C2_n100_d100_0047.csv,1856,17,60.07,150.03,210.12,2026-04-29 22:24:57
C2_n100_d100_0048.csv,1409.1,9,60.08,150.05,210.16,2026-04-29 22:28:27
C2_n100_d100_0049.csv,2019.2,21,40.03,150.04,190.17,2026-04-29 22:31:37
C2_n100_d100_0050.csv,2014.3,19,60.07,150.03,210.12,2026-04-29 22:35:07
C2_n100_d100_0051.csv,1966.6,20,40.93,150.03,190.99,2026-04-29 22:38:18
C2_n100_d100_0052.csv,2062.7,20,60.05,150.03,210.11,2026-04-29 22:41:48
C2_n100_d100_0053.csv,1954.7,19,40.03,150.04,190.1,2026-04-29 22:44:58
C2_n100_d100_0054.csv,2134.5,21,40.03,150.05,190.18,2026-04-29 22:48:09
C2_n100_d100_0055.csv,1432.9,10,60.08,150.04,210.16,2026-04-29 22:51:39
C2_n100_d100_0056.csv,1578.6,14,40.04,150.04,190.1,2026-04-29 22:54:49
C2_n100_d100_0057.csv,1872.9,20,40.04,150.03,190.1,2026-04-29 22:57:59
C2_n100_d100_0058.csv,1753.3,18,40.03,150.05,190.19,2026-04-29 23:01:09
C2_n100_d100_0059.csv,1999.2,20,60.06,150.03,210.12,2026-04-29 23:04:39
C2_n100_d100_0060.csv,1539.9,11,60.06,150.04,210.12,2026-04-29 23:08:09
C2_n100_d100_0061.csv,1637.4,15,40.04,150.04,190.11,2026-04-29 23:11:20
C2_n100_d100_0062.csv,1408.7,9,80.1,150.06,230.26,2026-04-29 23:15:10
C2_n100_d100_0063.csv,1391.9,11,60.06,150.07,210.16,2026-04-29 23:18:40
C2_n100_d100_0064.csv,1898.1,20,60.06,150.03,210.12,2026-04-29 23:22:10
C2_n100_d100_0065.csv,1511.4,10,60.06,150.04,210.12,2026-04-29 23:25:40
C2_n100_d100_0066.csv,1793,15,60.06,150.03,210.13,2026-04-29 23:29:10
C2_n100_d100_0067.csv,1924.4,21,40.03,150.03,190.09,2026-04-29 23:32:20
C2_n100_d100_0068.csv,1484.4,13,40.04,150.04,190.1,2026-04-29 23:35:31
C2_n100_d100_0069.csv,1366.4,11,40.04,150.04,190.17,2026-04-29 23:38:41
C2_n100_d100_0070.csv,1693,17,40.04,150.03,190.11,2026-04-29 23:41:51
C2_n100_d100_0071.csv,1761.5,17,40.05,150.03,190.11,2026-04-29 23:45:01
C2_n100_d100_0072.csv,1758.4,15,60.08,150.03,210.14,2026-04-29 23:48:31
C2_n100_d100_0073.csv,1475.7,11,60.06,150.05,210.15,2026-04-29 23:52:01
C2_n100_d100_0074.csv,1374.9,10,60.09,150.04,210.23,2026-04-29 23:55:31
C2_n100_d100_0075.csv,1478.5,10,80.08,150.07,230.17,2026-04-29 23:59:22
C2_n100_d100_0076.csv,1738.5,17,40.08,150.04,190.15,2026-04-30 00:02:32
C2_n100_d100_0077.csv,2173.9,24,40.03,150.03,190.09,2026-04-30 00:05:42
C2_n100_d100_0078.csv,1605.3,14,40.05,150.04,190.14,2026-04-30 00:08:52
C2_n100_d100_0079.csv,1939.4,19,40.03,150.04,190.1,2026-04-30 00:12:02
C2_n100_d100_0080.csv,2132.7,23,40.04,150.04,190.1,2026-04-30 00:15:12
C2_n100_d100_0081.csv,1609.6,14,40.05,150.05,190.13,2026-04-30 00:18:22
C2_n100_d100_0082.csv,1474.7,11,60.08,150.04,210.15,2026-04-30 00:21:52
C2_n100_d100_0083.csv,1697.7,15,60.06,150.04,210.13,2026-04-30 00:25:23
C2_n100_d100_0084.csv,1395.5,9,60.08,150.03,210.14,2026-04-30 00:28:53
C2_n100_d100_0085.csv,1493.6,14,60.06,150.03,210.13,2026-04-30 00:32:23
C2_n100_d100_0086.csv,1497.5,12,60.06,150.03,210.12,2026-04-30 00:35:53
C2_n100_d100_0087.csv,1563.3,11,60.06,150.04,210.13,2026-04-30 00:39:23
C2_n100_d25_0001.csv,1537.4,16,40.05,150.03,190.12,2026-04-30 00:42:33
C2_n100_d25_0002.csv,1582.7,15,60.06,150.03,210.12,2026-04-30 00:46:03
C2_n100_d25_0003.csv,1046.6,8,60.08,150.06,210.18,2026-04-30 00:49:34
C2_n100_d25_0004.csv,1705.1,17,40.04,150.06,190.12,2026-04-30 00:52:44
C2_n100_d25_0005.csv,1496.8,15,40.05,150.03,190.1,2026-04-30 00:55:54
C2_n100_d25_0006.csv,1725.9,16,60.1,150.03,210.15,2026-04-30 00:59:24
C2_n100_d25_0007.csv,2102.8,23,60.08,150.05,210.15,2026-04-30 01:02:54
C2_n100_d25_0008.csv,1319.8,13,60.08,150.03,210.14,2026-04-30 01:06:24
C2_n100_d25_0009.csv,1411.2,14,40.03,150.03,190.09,2026-04-30 01:09:34
C2_n100_d25_0010.csv,1568,16,40.04,150.04,190.11,2026-04-30 01:12:44
C2_n100_d25_0011.csv,1736.2,19,40.04,150.04,190.11,2026-04-30 01:15:55
C2_n100_d25_0012.csv,1360,14,40.04,150.06,190.14,2026-04-30 01:19:05
C2_n100_d25_0013.csv,2003.1,21,40.03,150.03,190.09,2026-04-30 01:22:15
C2_n100_d25_0014.csv,1140.3,10,40.04,150.03,190.11,2026-04-30 01:25:25
C2_n100_d25_0015.csv,1127.1,10,40.05,150.03,190.11,2026-04-30 01:28:35
C2_n100_d25_0016.csv,1761.5,19,40.03,150.03,190.09,2026-04-30 01:31:45
C2_n100_d25_0017.csv,1700.4,17,40.04,150.03,190.1,2026-04-30 01:34:55
C2_n100_d25_0018.csv,2093.2,22,40.04,150.06,190.21,2026-04-30 01:38:05
C2_n100_d25_0019.csv,2420.4,25,40.05,150.04,190.12,2026-04-30 01:41:16
C2_n100_d25_0020.csv,1128.3,9,60.07,150.03,210.13,2026-04-30 01:44:46
C2_n100_d25_0021.csv,1644.2,19,40.03,150.03,190.09,2026-04-30 01:47:56
C2_n100_d25_0022.csv,1638.6,17,40.05,150.04,190.12,2026-04-30 01:51:06
C2_n100_d25_0023.csv,2104.2,23,40.04,150.05,190.11,2026-04-30 01:54:16
C2_n100_d25_0024.csv,1778,20,40.04,150.05,190.15,2026-04-30 01:57:26
C2_n100_d25_0025.csv,1951.4,21,40.04,150.04,190.12,2026-04-30 02:00:36
C2_n100_d25_0026.csv,1921.4,22,40.06,150.04,190.12,2026-04-30 02:03:46
C2_n100_d25_0027.csv,1579.8,17,40.05,150.03,190.14,2026-04-30 02:06:56
C2_n100_d25_0028.csv,1413.8,14,40.04,150.03,190.1,2026-04-30 02:10:07
C2_n100_d25_0029.csv,1259.5,11,40.04,150.03,190.11,2026-04-30 02:13:17
C2_n100_d25_0030.csv,1677.1,18,40.05,150.04,190.12,2026-04-30 02:16:27
C2_n100_d25_0031.csv,1354.4,14,40.03,150.06,190.12,2026-04-30 02:19:37
C2_n100_d25_0032.csv,1731.9,18,40.03,150.04,190.1,2026-04-30 02:22:47
C2_n100_d25_0033.csv,1985,21,40.05,150.06,190.14,2026-04-30 02:25:57
C2_n100_d25_0034.csv,2194,22,60.08,150.04,210.15,2026-04-30 02:29:27
C2_n100_d25_0035.csv,1701.5,19,40.04,150.04,190.1,2026-04-30 02:32:37
C2_n100_d25_0036.csv,1281.8,12,40.04,150.03,190.1,2026-04-30 02:35:48
C2_n100_d25_0037.csv,1334.5,13,40.04,150.04,190.12,2026-04-30 02:38:58
C2_n100_d25_0038.csv,1585.5,16,40.03,150.03,190.09,2026-04-30 02:42:08
C2_n100_d50_0001.csv,1118.2,9,40.06,150.04,190.12,2026-04-30 02:45:18
C2_n100_d50_0002.csv,1658,15,60.08,150.03,210.15,2026-04-30 02:48:48
C2_n100_d50_0003.csv,1624.6,18,40.03,150.03,190.09,2026-04-30 02:51:58
C2_n100_d50_0004.csv,1479.6,15,40.04,150.04,190.11,2026-04-30 02:55:08
C2_n100_d50_0005.csv,2053.7,22,40.04,150.04,190.11,2026-04-30 02:58:18
C2_n100_d50_0006.csv,1348.9,12,60.07,150.06,210.16,2026-04-30 03:01:48
C2_n100_d50_0007.csv,1441.4,14,40.04,149.63,189.71,2026-04-30 13:49:35
C2_n100_d50_0008.csv,1571.1,15,60.06,150.04,210.13,2026-04-30 13:53:06
C2_n100_d50_0009.csv,2185.2,23,60.07,150.04,210.2,2026-04-30 13:56:36
C2_n100_d50_0010.csv,1397.7,11,40.04,150.04,190.18,2026-04-30 13:59:46
C2_n100_d50_0011.csv,1615.2,16,40.03,150.05,190.18,2026-04-30 14:02:56
C2_n100_d50_0012.csv,1144.4,10,40.04,150.04,190.1,2026-04-30 14:06:06
C2_n100_d50_0013.csv,1706.3,17,40.04,150.03,190.09,2026-04-30 14:09:16
C2_n100_d50_0014.csv,1910.7,20,40.05,150.04,190.11,2026-04-30 14:12:26
C2_n100_d50_0015.csv,1796.2,19,40.05,150.04,190.11,2026-04-30 14:15:37
C2_n100_d50_0016.csv,1637.3,17,40.04,150.04,190.11,2026-04-30 14:18:47
C2_n100_d50_0017.csv,2137,24,40.05,150.04,190.19,2026-04-30 14:21:57
C2_n100_d50_0018.csv,1135.4,10,40.04,150.04,190.18,2026-04-30 14:25:07
C2_n100_d50_0019.csv,1939.7,21,40.03,150.04,190.09,2026-04-30 14:28:17
C2_n100_d50_0020.csv,1391.6,13,40.04,150.04,190.11,2026-04-30 14:31:27
C2_n100_d50_0021.csv,1885.3,20,60.08,150.04,210.14,2026-04-30 14:34:57
C2_n100_d50_0022.csv,1258.5,11,40.05,150.04,190.13,2026-04-30 14:38:07
C2_n100_d50_0023.csv,1781.6,18,60.09,150.04,210.22,2026-04-30 14:41:38
C2_n100_d50_0024.csv,1489.3,13,60.08,150.04,210.15,2026-04-30 14:45:08
C2_n100_d50_0025.csv,1583.7,16,40.04,150.05,190.19,2026-04-30 14:48:18
C2_n100_d50_0026.csv,1286.2,12,40.04,150.04,190.12,2026-04-30 14:51:28
C2_n100_d50_0027.csv,1750.4,19,40.05,150.04,190.12,2026-04-30 14:54:38
C2_n100_d50_0028.csv,1528.7,14,40.03,150.04,190.12,2026-04-30 14:57:48
C2_n100_d50_0029.csv,1920.7,20,40.05,150.03,190.11,2026-04-30 15:00:58
C2_n100_d50_0030.csv,1928.5,21,40.03,150.04,190.11,2026-04-30 15:04:09
C2_n100_d50_0031.csv,1221.8,12,40.04,150.04,190.11,2026-04-30 15:07:19
C2_n100_d50_0032.csv,1391.1,13,40.04,150.04,190.12,2026-04-30 15:10:29
C2_n100_d50_0033.csv,2011.1,23,40.03,150.03,190.09,2026-04-30 15:13:39
C2_n100_d50_0034.csv,1951.5,21,40.07,150.06,190.26,2026-04-30 15:16:49
C2_n100_d50_0035.csv,1697.9,19,40.03,150.04,190.1,2026-04-30 15:19:59
C2_n100_d50_0036.csv,1388.4,13,40.04,150.04,190.18,2026-04-30 15:23:09
C2_n100_d50_0037.csv,2079.8,22,40.06,150.05,190.2,2026-04-30 15:26:20
C2_n100_d50_0038.csv,1319.8,12,40.04,150.03,190.1,2026-04-30 15:29:30
C2_n100_d50_0039.csv,1644.6,17,60.07,150.05,210.14,2026-04-30 15:33:00
C2_n100_d50_0040.csv,1713.1,18,40.03,150.03,190.19,2026-04-30 15:36:10
C2_n100_d50_0041.csv,1209,10,60.06,150.04,210.2,2026-04-30 15:39:40
C2_n100_d50_0042.csv,1194.5,9,60.08,150.03,210.14,2026-04-30 15:43:10
C2_n100_d50_0043.csv,1264.3,11,40.04,150.04,190.17,2026-04-30 15:46:21
C2_n100_d50_0044.csv,1449.3,15,40.04,150.04,190.1,2026-04-30 15:49:31
C2_n100_d50_0045.csv,2165.8,21,60.06,150.03,210.12,2026-04-30 15:53:01
C2_n100_d50_0046.csv,1636.8,16,40.04,150.04,190.1,2026-04-30 15:56:11
C2_n100_d50_0047.csv,1244,10,60.08,150.04,210.14,2026-04-30 15:59:41
C2_n100_d50_0048.csv,1616.4,16,60.09,150.04,210.15,2026-04-30 16:03:11
C2_n100_d50_0049.csv,1285.7,11,40.05,150.04,190.11,2026-04-30 16:06:21
C2_n100_d50_0050.csv,1637.5,17,40.04,150.04,190.1,2026-04-30 16:09:31
C2_n100_d75_0001.csv,1305.2,10,40.04,150.04,190.11,2026-04-30 16:12:42
C2_n100_d75_0002.csv,1350.3,12,60.1,150.05,210.17,2026-04-30 16:16:12
C2_n100_d75_0003.csv,1555,15,40.03,150.03,190.09,2026-04-30 16:19:22
C2_n100_d75_0004.csv,1471.1,13,40.04,150.06,190.13,2026-04-30 16:22:32
C2_n100_d75_0005.csv,1675.1,13,60.06,150.03,210.12,2026-04-30 16:26:02
C2_n100_d75_0006.csv,2158.4,23,60.06,150.03,210.12,2026-04-30 16:29:32
C2_n100_d75_0007.csv,1553.6,14,60.08,150.04,210.15,2026-04-30 16:33:02
C2_n100_d75_0008.csv,1435.3,12,40.06,150.06,190.15,2026-04-30 16:36:13
C2_n100_d75_0009.csv,1763.3,19,40.04,150.06,190.14,2026-04-30 16:39:23
C2_n100_d75_0010.csv,1432.3,13,40.04,150.04,190.1,2026-04-30 16:42:33
C2_n100_d75_0011.csv,1594.3,16,60.08,150.03,210.16,2026-04-30 16:46:03
C2_n100_d75_0012.csv,1922.8,20,60.06,150.04,210.13,2026-04-30 16:49:33
C2_n100_d75_0013.csv,1659.6,14,60.06,150.04,210.14,2026-04-30 16:53:03
C2_n100_d75_0014.csv,1712.7,17,60.07,150.03,210.13,2026-04-30 16:56:33
C2_n100_d75_0015.csv,1729.1,19,40.03,150.04,190.09,2026-04-30 16:59:43
C2_n100_d75_0016.csv,2100.4,24,40.04,150.04,190.1,2026-04-30 17:02:54
C2_n100_d75_0017.csv,1834.1,19,40.06,150.04,190.12,2026-04-30 17:06:04
C2_n100_d75_0018.csv,1620.5,16,40.03,150.03,190.09,2026-04-30 17:09:14
C2_n100_d75_0019.csv,1566.7,15,40.04,150.04,190.1,2026-04-30 17:12:24
C2_n100_d75_0020.csv,1339.3,12,40.04,150.04,190.1,2026-04-30 17:15:34
C2_n100_d75_0021.csv,2057,23,40.06,150.04,190.12,2026-04-30 17:18:44
C2_n100_d75_0022.csv,1636.7,16,40.06,150.03,190.12,2026-04-30 17:21:54
C2_n100_d75_0023.csv,1935.6,19,40.03,150.04,190.1,2026-04-30 17:25:04
C2_n100_d75_0024.csv,1417.8,13,40.04,150.04,190.13,2026-04-30 17:28:14
C2_n100_d75_0025.csv,1290.7,10,60.06,150.04,210.13,2026-04-30 17:31:45
C2_n100_d75_0026.csv,1810.4,18,60.09,150.04,210.15,2026-04-30 17:35:15
C2_n100_d75_0027.csv,1924,20,40.08,150.03,190.14,2026-04-30 17:38:25
C2_n100_d75_0028.csv,1544.7,15,40.04,150.04,190.11,2026-04-30 17:41:35
C2_n100_d75_0029.csv,1360.6,13,40.06,150.04,190.14,2026-04-30 17:44:45
C2_n100_d75_0030.csv,1590.7,15,40.04,150.03,190.1,2026-04-30 17:47:55
C2_n100_d75_0031.csv,1409.4,12,40.04,150.06,190.12,2026-04-30 17:51:05
C2_n100_d75_0032.csv,2010.5,22,40.08,150.05,190.16,2026-04-30 17:54:15
C2_n100_d75_0033.csv,1653.9,17,40.06,150.04,190.14,2026-04-30 17:57:26
C2_n100_d75_0034.csv,1279.3,11,40.04,150.04,190.11,2026-04-30 18:00:36
C2_n100_d75_0035.csv,1254.1,10,40.04,150.04,190.1,2026-04-30 18:03:46
C2_n100_d75_0036.csv,1939.8,19,40.03,150.03,190.09,2026-04-30 18:06:56
C2_n100_d75_0037.csv,2073.5,22,60.06,150.03,210.12,2026-04-30 18:10:26
C2_n100_d75_0038.csv,1261.5,11,40.05,150.04,190.12,2026-04-30 18:13:36
C2_n100_d75_0039.csv,1740.8,17,60.07,150.03,210.14,2026-04-30 18:17:06
C2_n100_d75_0040.csv,1271,10,60.07,150.04,210.15,2026-04-30 18:20:36
C2_n100_d75_0041.csv,1740.1,18,40.05,150.05,190.15,2026-04-30 18:23:47
C2_n100_d75_0042.csv,1401.9,12,40.04,150.04,190.11,2026-04-30 18:26:57
C2_n100_d75_0043.csv,1881.3,19,40.03,150.04,190.1,2026-04-30 18:30:07
C2_n100_d75_0044.csv,1307.2,10,40.04,150.04,190.11,2026-04-30 18:33:17
C2_n100_d75_0045.csv,1547.2,14,40.04,150.04,190.1,2026-04-30 18:36:27
C2_n100_d75_0046.csv,1734.8,17,40.06,150.04,190.13,2026-04-30 18:39:37
C2_n100_d75_0047.csv,1634.3,14,40.04,150.04,190.11,2026-04-30 18:42:47
C2_n100_d75_0048.csv,1498.3,15,40.06,150.03,190.13,2026-04-30 18:45:57
C2_n100_d75_0049.csv,1334.4,11,40.05,150.05,190.13,2026-04-30 18:49:08
C2_n100_d75_0050.csv,1326.2,11,40.04,150.03,190.12,2026-04-30 18:52:18
C2_n100_d75_0051.csv,1375.4,11,40.04,150.04,190.1,2026-04-30 18:55:28
C2_n100_d75_0052.csv,1435.5,13,40.04,150.04,190.12,2026-04-30 18:58:38
C2_n100_d75_0053.csv,1434.2,13,40.04,150.03,190.1,2026-04-30 19:01:48
C2_n100_d75_0054.csv,1411.1,12,60.07,150.04,210.13,2026-04-30 19:05:18
C2_n100_d75_0055.csv,1628.9,15,40.03,150.04,190.1,2026-04-30 19:08:28
C2_n100_d75_0056.csv,1725.4,16,40.04,150.04,190.1,2026-04-30 19:11:38
C2_n100_d75_0057.csv,1626.5,15,60.06,150.03,210.13,2026-04-30 19:15:08
C2_n100_d75_0058.csv,1717.1,17,40.04,150.04,190.12,2026-04-30 19:18:19
C2_n100_d75_0059.csv,1709,17,60.06,150.03,210.12,2026-04-30 19:21:49
C2_n100_d75_0060.csv,1529.1,15,40.05,150.03,190.11,2026-04-30 19:24:59
C2_n100_d75_0061.csv,1300.2,9,60.1,150.04,210.17,2026-04-30 19:28:29
C2_n100_d75_0062.csv,2077,22,60.06,150.04,210.13,2026-04-30 19:31:59
C2_n100_d75_0063.csv,1577.4,14,60.09,150.04,210.15,2026-04-30 19:35:29
C2_n100_d75_0064.csv,1266,9,60.06,150.03,210.13,2026-04-30 19:38:59
C2_n100_d75_0065.csv,1598.6,15,60.06,150.03,210.12,2026-04-30 19:42:29
C2_n100_d75_0066.csv,1769.7,19,60.06,150.06,210.15,2026-04-30 19:46:00
C2_n100_d75_0067.csv,2011.8,22,60.06,150.04,210.12,2026-04-30 19:49:30
C2_n100_d75_0068.csv,1265,9,60.09,150.04,210.16,2026-04-30 19:53:00
C2_n100_d75_0069.csv,1321.2,11,40.04,150.04,190.11,2026-04-30 19:56:10
C2_n100_d75_0070.csv,1273.7,10,40.04,150.04,190.1,2026-04-30 19:59:20
C2_n100_d75_0071.csv,1426.9,13,40.03,150.03,190.09,2026-04-30 20:02:30
C2_n100_d75_0072.csv,1621.9,15,60.08,150.04,210.14,2026-04-30 20:06:00
C2_n100_d75_0073.csv,1372.8,11,60.06,150.03,210.16,2026-04-30 20:09:31
C2_n100_d75_0074.csv,1466.6,14,60.07,150.04,210.16,2026-04-30 20:13:01
C2_n100_d75_0075.csv,1424.6,13,40.03,150.04,190.1,2026-04-30 20:16:11
R1_n100_d100_0001.csv,1949.3,15,60.07,150.04,210.13,2026-04-30 20:19:41
R1_n100_d100_0002.csv,1886.1,14,80.12,150.04,230.18,2026-04-30 20:23:31
R1_n100_d100_0003.csv,2370.8,19,60.07,150.03,210.15,2026-04-30 20:27:01
R1_n100_d100_0004.csv,1939.7,16,40.06,150.04,190.12,2026-04-30 20:30:11
R1_n100_d100_0005.csv,2011.8,16,40.04,150.05,190.12,2026-04-30 20:33:22
R1_n100_d100_0006.csv,1824.6,16,60.07,150.04,210.15,2026-04-30 20:36:52
R1_n100_d100_0007.csv,2214.9,20,60.07,150.03,210.13,2026-04-30 20:40:22
R1_n100_d100_0008.csv,1952.5,15,60.11,150.04,210.17,2026-04-30 20:43:52
R1_n100_d100_0009.csv,2423.8,23,60.06,150.04,210.12,2026-04-30 20:47:22
R1_n100_d100_0010.csv,1732.3,14,40.04,150.05,190.11,2026-04-30 20:50:32
R1_n100_d100_0011.csv,2447.6,22,60.11,150.04,210.18,2026-04-30 20:54:02
R1_n100_d100_0012.csv,2191.8,19,60.07,150.03,210.13,2026-04-30 20:57:32
R1_n100_d100_0013.csv,2004.1,18,40.04,150.04,190.1,2026-04-30 21:00:43
R1_n100_d100_0014.csv,2133.2,16,80.13,150.07,230.22,2026-04-30 21:04:33
R1_n100_d100_0015.csv,2067.2,15,80.12,150.04,230.2,2026-04-30 21:08:23
R1_n100_d100_0016.csv,2134.3,17,60.07,150.03,210.14,2026-04-30 21:11:53
R1_n100_d100_0017.csv,2386.4,20,80.09,150.03,230.15,2026-04-30 21:15:43
R1_n100_d100_0018.csv,2061.6,17,60.08,150.08,210.18,2026-04-30 21:19:13
R1_n100_d100_0019.csv,1893.5,14,60.07,150.05,210.15,2026-04-30 21:22:44
R1_n100_d100_0020.csv,1926.2,16,40.04,150.04,190.11,2026-04-30 21:25:54
R1_n100_d100_0021.csv,2081.1,16,60.14,150.07,210.26,2026-04-30 21:29:24
R1_n100_d100_0022.csv,2002.1,17,80.09,150.04,230.15,2026-04-30 21:33:14
R1_n100_d100_0023.csv,1854.8,15,60.1,150.04,210.19,2026-04-30 21:36:44
R1_n100_d100_0024.csv,1978.3,15,60.1,150.07,210.2,2026-04-30 21:40:15
R1_n100_d100_0025.csv,2150,20,60.08,150.04,210.15,2026-04-30 21:43:45
R1_n100_d100_0026.csv,1980.6,18,60.08,150.04,210.14,2026-04-30 21:47:15
R1_n100_d100_0027.csv,2539.3,23,60.08,150.03,210.14,2026-04-30 21:50:45
R1_n100_d100_0028.csv,2016.2,16,60.07,150.03,210.13,2026-04-30 21:54:15
R1_n100_d100_0029.csv,1992.7,14,60.07,150.04,210.14,2026-04-30 21:57:45
R1_n100_d100_0030.csv,1975,16,60.07,150.07,210.17,2026-04-30 22:01:15
R1_n100_d100_0031.csv,1775,15,60.1,150.04,210.16,2026-04-30 22:04:46
R1_n100_d100_0032.csv,2058.6,16,80.14,150.04,230.21,2026-04-30 22:08:36
R1_n100_d100_0033.csv,2004.7,17,60.08,150.04,210.14,2026-04-30 22:12:06
R1_n100_d100_0034.csv,2101,16,80.1,150.04,230.17,2026-04-30 22:15:56
R1_n100_d100_0035.csv,1938.2,16,60.1,150.05,210.18,2026-04-30 22:19:26
R1_n100_d100_0036.csv,1914.9,15,60.1,150.04,210.18,2026-04-30 22:22:56
R1_n100_d100_0037.csv,2279.1,23,60.09,150.04,210.16,2026-04-30 22:26:27
R1_n100_d100_0038.csv,1788.9,14,60.08,150.05,210.15,2026-04-30 22:29:57
R1_n100_d100_0039.csv,1988.6,16,60.09,150.05,210.17,2026-04-30 22:33:27
R1_n100_d100_0040.csv,2150,20,60.06,150.03,210.12,2026-04-30 22:36:57
R1_n100_d100_0041.csv,1606.3,14,60.09,150.04,210.16,2026-04-30 22:40:27
R1_n100_d100_0042.csv,2125.2,15,100.13,150.04,250.21,2026-04-30 22:44:37
R1_n100_d100_0043.csv,2026.5,18,60.1,150.04,210.18,2026-04-30 22:48:08
R1_n100_d100_0044.csv,2211.7,16,100.14,150.04,250.22,2026-04-30 22:52:18
R1_n100_d100_0045.csv,2070.2,17,60.07,150.05,210.15,2026-04-30 22:55:48
R1_n100_d100_0046.csv,2286.1,19,80.1,150.03,230.18,2026-04-30 22:59:38
R1_n100_d100_0047.csv,2092.9,17,60.07,150.04,210.14,2026-04-30 23:03:08
R1_n100_d100_0048.csv,1897.4,15,60.11,150.06,210.19,2026-04-30 23:06:39
R1_n100_d100_0049.csv,1832,15,60.07,150.08,210.17,2026-04-30 23:10:09
R1_n100_d100_0050.csv,2093.1,19,60.06,150.04,210.13,2026-04-30 23:13:39
R1_n100_d100_0051.csv,1877,14,80.11,150.04,230.18,2026-04-30 23:17:29
R1_n100_d100_0052.csv,1995.1,16,60.08,150.04,210.15,2026-04-30 23:20:59
R1_n100_d100_0053.csv,2030.4,15,100.17,150.07,250.27,2026-04-30 23:25:09
R1_n100_d100_0054.csv,1906.3,14,80.15,150.04,230.22,2026-04-30 23:29:00
R1_n100_d100_0055.csv,1938.9,14,80.14,150.04,230.22,2026-04-30 23:32:50
R1_n100_d100_0056.csv,1771.8,14,60.1,150.05,210.17,2026-04-30 23:36:20
R1_n100_d100_0057.csv,1845.5,14,60.09,150.04,210.16,2026-04-30 23:39:50
R1_n100_d100_0058.csv,1863.2,15,60.11,150.04,210.19,2026-04-30 23:43:20
R1_n100_d100_0059.csv,1716.4,13,60.08,150.88,210.99,2026-05-02 16:14:19
R1_n100_d100_0060.csv,1863.2,14,60.07,150.04,210.14,2026-05-02 16:17:49
R1_n100_d100_0061.csv,2301.3,21,60.09,150.04,210.15,2026-05-02 16:21:19
R1_n100_d100_0062.csv,2044.6,16,80.09,150.04,230.16,2026-05-02 16:25:09
R1_n100_d100_0063.csv,2010.7,17,60.07,150.04,210.13,2026-05-02 16:28:39
R1_n100_d100_0064.csv,2152,20,60.06,150.05,210.22,2026-05-02 16:32:10
R1_n100_d100_0065.csv,2596.4,23,80.09,150.04,230.27,2026-05-02 16:36:00
R1_n100_d100_0066.csv,2367.6,20,60.07,150.04,210.2,2026-05-02 16:39:30
R1_n100_d100_0067.csv,1926.1,14,1525.55,150.07,1675.77,2026-05-02 17:07:26
R1_n100_d100_0068.csv,2053.9,16,60.07,150.03,210.13,2026-05-02 17:10:56
R1_n100_d100_0069.csv,1951.7,16,60.1,150.04,210.16,2026-05-02 17:14:26
R1_n100_d100_0070.csv,2014.7,16,60.07,150.05,210.15,2026-05-02 17:17:56
R1_n100_d100_0071.csv,2088.9,16,60.14,150.05,210.22,2026-05-02 17:21:26
R1_n100_d100_0072.csv,2148.1,19,60.49,150.04,210.57,2026-05-02 17:24:57
R1_n100_d100_0073.csv,2045.9,15,80.12,150.05,230.2,2026-05-02 17:28:47
R1_n100_d100_0074.csv,2297,20,80.12,150.05,230.21,2026-05-02 17:32:37
R1_n100_d100_0075.csv,2324.1,21,60.07,150.04,210.14,2026-05-02 17:36:08
R1_n100_d100_0076.csv,1971.4,16,80.1,150.04,230.17,2026-05-02 17:39:58
R1_n100_d100_0077.csv,2279.9,21,60.06,150.04,210.13,2026-05-02 17:43:28
R1_n100_d100_0078.csv,1825.4,14,80.1,150.03,230.17,2026-05-02 17:47:18
R1_n100_d100_0079.csv,1866.6,15,60.07,150.05,210.15,2026-05-02 17:50:48
R1_n100_d100_0080.csv,2120.5,19,40.05,150.04,190.12,2026-05-02 17:53:58
R1_n100_d100_0081.csv,2123.9,20,60.06,150.04,210.12,2026-05-02 17:57:28
R1_n100_d100_0082.csv,2012.2,17,60.07,150.04,210.13,2026-05-02 18:00:59
R1_n100_d100_0083.csv,1926.3,14,60.13,150.05,210.21,2026-05-02 18:04:29
R1_n100_d100_0084.csv,1915.8,14,80.1,150.03,230.17,2026-05-02 18:08:19
R1_n100_d100_0085.csv,2172,21,60.08,150.04,210.14,2026-05-02 18:11:49
R1_n100_d100_0086.csv,1869.9,15,40.06,150.04,190.12,2026-05-02 18:14:59
R1_n100_d100_0087.csv,2005.4,16,60.09,150.04,210.15,2026-05-02 18:18:29
R1_n100_d25_0001.csv,1960.5,17,60.08,150.03,210.14,2026-05-02 18:22:00
R1_n100_d25_0002.csv,1557.7,12,60.08,150.04,210.14,2026-05-02 22:21:26
R1_n100_d25_0003.csv,1943.1,19,60.07,150.04,210.13,2026-05-02 22:24:56
R1_n100_d25_0004.csv,1815.4,17,40.04,150.05,190.12,2026-05-02 23:28:01
R1_n100_d25_0005.csv,1566.1,12,60.07,150.03,210.15,2026-05-02 23:31:31
R1_n100_d25_0006.csv,1997.8,18,80.1,150.04,230.24,2026-05-02 23:35:21
R1_n100_d25_0007.csv,1578.1,12,60.08,150.05,210.24,2026-05-02 23:38:51
R1_n100_d25_0008.csv,2307.8,23,60.06,150.04,210.13,2026-05-02 23:42:22
R1_n100_d25_0009.csv,2031.1,20,40.03,150.04,190.1,2026-05-02 23:45:32
R1_n100_d25_0010.csv,1960.2,18,60.06,150.04,210.19,2026-05-02 23:49:02
R1_n100_d25_0011.csv,1442.3,12,40.04,150.05,190.12,2026-05-02 23:52:12
R1_n100_d25_0012.csv,1897.8,18,40.05,2882.17,2922.24,2026-05-03 00:40:54
R1_n100_d25_0013.csv,1470,11,60.07,150.05,210.15,2026-05-03 00:44:24
R1_n100_d25_0014.csv,2338.7,21,60.06,150.04,210.13,2026-05-03 00:47:54
R1_n100_d25_0015.csv,1581.8,13,40.05,150.48,190.56,2026-05-03 00:51:05
R1_n100_d25_0016.csv,1491.2,11,60.07,150.04,210.21,2026-05-03 00:54:35
R1_n100_d25_0017.csv,1666.3,14,40.05,150.04,190.21,2026-05-03 00:57:45
R1_n100_d25_0018.csv,1891.2,17,40.06,150.04,190.13,2026-05-03 01:00:56
R1_n100_d25_0019.csv,2222.7,21,40.03,150.04,190.1,2026-05-03 01:04:06
R1_n100_d25_0020.csv,1802.2,17,40.05,150.04,190.19,2026-05-03 01:07:16
R1_n100_d25_0021.csv,1542.3,12,40.04,150.04,190.18,2026-05-03 01:10:26
R1_n100_d25_0022.csv,2161.6,21,40.04,150.04,190.1,2026-05-03 01:13:36
R1_n100_d25_0023.csv,1317.4,11,40.05,150.04,190.12,2026-05-03 01:16:46
R1_n100_d25_0024.csv,1530.2,12,40.04,150.04,190.23,2026-05-03 01:19:57
R1_n100_d25_0025.csv,2429.6,23,60.06,150.04,210.13,2026-05-03 01:23:27
R1_n100_d25_0026.csv,1978.6,18,40.05,150.04,190.11,2026-05-03 01:26:37
R1_n100_d25_0027.csv,1647.7,12,60.11,150.06,210.26,2026-05-03 01:30:07
R1_n100_d25_0028.csv,1554.5,12,40.05,150.04,190.2,2026-05-03 01:33:17
R1_n100_d25_0029.csv,1423.5,11,60.07,150.06,210.24,2026-05-03 01:36:47
R1_n100_d25_0030.csv,2052,20,40.04,150.04,190.21,2026-05-03 01:39:58
R1_n100_d25_0031.csv,1631.7,15,40.04,150.06,190.19,2026-05-03 01:43:08
R1_n100_d25_0032.csv,1663.3,14,40.04,150.04,190.11,2026-05-03 01:46:18
R1_n100_d25_0033.csv,1932.9,16,60.08,150.04,210.14,2026-05-03 01:49:48
R1_n100_d25_0034.csv,1554.2,14,40.07,150.04,190.21,2026-05-03 01:52:58
R1_n100_d25_0035.csv,2031.1,18,40.05,150.04,190.14,2026-05-03 01:56:08
R1_n100_d25_0036.csv,1738.8,14,60.09,150.04,210.16,2026-05-03 01:59:39
R1_n100_d25_0037.csv,1492.4,12,40.05,150.04,190.12,2026-05-03 02:02:49
R1_n100_d25_0038.csv,1514.2,12,40.04,150.04,190.18,2026-05-03 02:05:59
R1_n100_d50_0001.csv,1966.9,17,60.09,150.04,210.23,2026-05-03 02:09:29
R1_n100_d50_0002.csv,2051,19,40.04,150.04,190.1,2026-05-03 02:12:39
R1_n100_d50_0003.csv,1814.1,16,40.03,150.04,190.24,2026-05-03 02:15:50
R1_n100_d50_0004.csv,2181.8,23,60.06,150.04,210.13,2026-05-03 02:19:20
R1_n100_d50_0005.csv,1834.8,15,40.08,150.06,190.16,2026-05-03 02:22:30
R1_n100_d50_0006.csv,2067.2,20,60.09,150.04,210.15,2026-05-03 02:26:00
R1_n100_d50_0007.csv,1555,12,60.08,150.05,210.16,2026-05-03 02:29:30
R1_n100_d50_0008.csv,1935.9,17,60.08,150.04,210.16,2026-05-03 02:33:00
R1_n100_d50_0009.csv,2361,21,60.06,150.04,210.2,2026-05-03 02:36:30
R1_n100_d50_0010.csv,1779.5,17,40.04,150.05,190.12,2026-05-03 02:39:41
R1_n100_d50_0011.csv,1675.7,13,60.11,150.05,210.2,2026-05-03 16:08:03
R1_n100_d50_0012.csv,1886.1,17,60.07,150.03,210.13,2026-05-03 16:11:33
R1_n100_d50_0013.csv,1735.1,15,60.07,150.05,210.14,2026-05-03 16:15:03
R1_n100_d50_0014.csv,1712.9,16,40.05,150.05,190.13,2026-05-03 16:18:13
R1_n100_d50_0015.csv,1975.8,19,60.07,150.04,210.15,2026-05-03 16:21:43
R1_n100_d50_0016.csv,1592.6,13,40.04,150.05,190.12,2026-05-03 16:24:53
R1_n100_d50_0017.csv,2176.2,21,40.03,150.04,190.12,2026-05-03 16:28:03
R1_n100_d50_0018.csv,1683.2,13,60.08,150.04,210.15,2026-05-03 16:31:33
R1_n100_d50_0019.csv,1887.7,17,40.05,150.04,190.11,2026-05-03 16:34:44
R1_n100_d50_0020.csv,1612.8,13,60.09,150.06,210.19,2026-05-03 16:38:14
R1_n100_d50_0021.csv,1841,15,60.08,150.05,210.16,2026-05-03 16:41:44
R1_n100_d50_0022.csv,1582.8,12,40.04,150.05,190.13,2026-05-03 16:44:54
R1_n100_d50_0023.csv,1785.6,15,40.04,150.04,190.1,2026-05-03 16:48:04
R1_n100_d50_0024.csv,1710.3,15,40.07,150.05,190.14,2026-05-03 16:51:14
R1_n100_d50_0025.csv,1829.8,17,60.07,150.05,210.14,2026-05-03 16:54:44
R1_n100_d50_0026.csv,2130.6,19,40.04,150.04,190.13,2026-05-03 16:57:55
R1_n100_d50_0027.csv,1977,18,60.07,150.05,210.15,2026-05-03 17:01:25
R1_n100_d50_0028.csv,1717.1,14,40.04,150.04,190.12,2026-05-03 17:04:35
R1_n100_d50_0029.csv,1575,14,40.06,150.04,190.13,2026-05-03 17:07:45
R1_n100_d50_0030.csv,1583.3,14,40.04,150.04,190.12,2026-05-03 17:10:55
R1_n100_d50_0031.csv,1926,19,40.07,150.04,190.21,2026-05-03 17:14:05
R1_n100_d50_0032.csv,1626.4,12,60.08,150.05,210.15,2026-05-03 17:17:35
R1_n100_d50_0033.csv,1901.4,18,60.07,150.04,210.13,2026-05-03 17:21:06
R1_n100_d50_0034.csv,1756.1,13,60.13,150.04,210.2,2026-05-03 17:24:36
R1_n100_d50_0035.csv,1986.9,19,40.04,150.05,190.12,2026-05-03 17:27:46
R1_n100_d50_0036.csv,1717.5,13,40.07,150.05,190.15,2026-05-03 17:30:56
R1_n100_d50_0037.csv,1646.8,13,40.07,150.04,190.16,2026-05-03 17:34:06
R1_n100_d50_0038.csv,1614.4,12,60.12,150.04,210.19,2026-05-03 17:37:36
R1_n100_d50_0039.csv,1699,13,60.09,150.05,210.16,2026-05-03 17:41:07
R1_n100_d50_0040.csv,2075.1,18,60.08,150.04,210.15,2026-05-03 17:44:37
R1_n100_d50_0041.csv,1658.9,13,60.09,150.04,210.16,2026-05-03 17:48:07
R1_n100_d50_0042.csv,1893.7,16,60.08,150.04,210.15,2026-05-03 17:51:37
R1_n100_d50_0043.csv,1591.2,13,40.06,150.07,190.16,2026-05-03 17:54:47
R1_n100_d50_0044.csv,2061.9,21,60.07,150.04,210.14,2026-05-03 17:58:17
R1_n100_d50_0045.csv,1950.7,17,60.07,150.04,210.13,2026-05-03 18:01:47
R1_n100_d50_0046.csv,1638.5,12,60.07,150.04,210.13,2026-05-03 18:05:18
R1_n100_d50_0047.csv,2050.8,21,60.06,150.03,210.15,2026-05-03 18:08:48
R1_n100_d50_0048.csv,2200.5,22,40.03,150.06,190.13,2026-05-03 18:11:58
R1_n100_d50_0049.csv,2058.9,19,60.06,150.04,210.12,2026-05-03 18:15:28
R1_n100_d50_0050.csv,1695.4,12,60.1,150.06,210.19,2026-05-03 18:18:58
R1_n100_d75_0001.csv,2203.5,18,60.08,150.04,210.15,2026-05-03 18:22:28
R1_n100_d75_0002.csv,1899,15,60.11,150.04,210.18,2026-05-03 18:25:59
R1_n100_d75_0003.csv,2083.5,17,60.1,150.04,210.18,2026-05-03 18:29:29
R1_n100_d75_0004.csv,1786.5,14,40.04,150.04,190.11,2026-05-03 18:32:39
R1_n100_d75_0005.csv,1674.2,14,60.08,150.04,210.15,2026-05-03 18:36:09
R1_n100_d75_0006.csv,1970.1,15,60.07,150.03,210.14,2026-05-03 18:39:39
R1_n100_d75_0007.csv,2170,19,60.07,150.04,210.13,2026-05-03 18:43:09
R1_n100_d75_0008.csv,1688.9,13,60.09,150.04,210.16,2026-05-03 18:46:39
R1_n100_d75_0009.csv,1834.3,15,60.08,150.04,210.14,2026-05-03 18:50:10
R1_n100_d75_0010.csv,1811.1,14,60.11,150.04,210.18,2026-05-03 18:53:40
R1_n100_d75_0011.csv,1976.3,15,60.08,150.05,210.15,2026-05-03 18:57:10
R1_n100_d75_0012.csv,1998.5,19,60.07,150.04,210.13,2026-05-03 19:00:40
R1_n100_d75_0013.csv,2000.9,15,80.11,150.08,230.23,2026-05-03 19:04:30
R1_n100_d75_0014.csv,1799.8,15,60.08,150.05,210.16,2026-05-03 19:08:00
R1_n100_d75_0015.csv,2352.4,23,60.11,150.03,210.16,2026-05-03 19:11:31
R1_n100_d75_0016.csv,1842.2,14,60.08,150.05,210.16,2026-05-03 19:15:01
R1_n100_d75_0017.csv,2090.8,19,60.09,150.03,210.15,2026-05-03 19:18:31
R1_n100_d75_0018.csv,1739.2,13,60.09,150.04,210.15,2026-05-03 19:22:01
R1_n100_d75_0019.csv,2251.6,22,60.08,150.04,210.14,2026-05-03 19:25:31
R1_n100_d75_0020.csv,1780,13,60.09,150.04,210.15,2026-05-03 19:29:01
R1_n100_d75_0021.csv,1745.8,13,60.09,150.06,210.19,2026-05-03 19:32:32
R1_n100_d75_0022.csv,1672.1,13,60.09,150.04,210.16,2026-05-03 19:36:02
R1_n100_d75_0023.csv,2214.3,18,60.1,150.04,210.17,2026-05-03 19:39:32
R1_n100_d75_0024.csv,1719.3,14,40.07,150.04,190.14,2026-05-03 19:42:42
R1_n100_d75_0025.csv,1885.8,13,80.18,150.04,230.24,2026-05-03 19:46:32
R1_n100_d75_0026.csv,1956.1,18,60.06,150.04,210.12,2026-05-03 19:50:02
R1_n100_d75_0027.csv,1982.6,16,60.09,150.04,210.16,2026-05-03 19:53:33
R1_n100_d75_0028.csv,2211.4,20,60.06,150.03,210.12,2026-05-03 19:57:03
R1_n100_d75_0029.csv,1787.6,13,60.1,150.04,210.18,2026-05-03 20:00:33
R1_n100_d75_0030.csv,1948.4,17,60.08,150.05,210.16,2026-05-03 20:04:03
R1_n100_d75_0031.csv,2099.5,18,60.07,150.04,210.13,2026-05-03 20:07:33
R1_n100_d75_0032.csv,2157.4,21,40.04,150.04,190.11,2026-05-03 20:10:43
R1_n100_d75_0033.csv,1856.6,16,40.04,150.04,190.11,2026-05-03 20:13:53
R1_n100_d75_0034.csv,1775.2,14,40.04,150.07,190.16,2026-05-03 20:17:04
R1_n100_d75_0035.csv,1992.6,19,60.07,150.04,210.13,2026-05-03 20:20:34
R1_n100_d75_0036.csv,1770,14,60.1,150.05,210.19,2026-05-03 20:24:04
R1_n100_d75_0037.csv,1870,15,60.07,150.04,210.15,2026-05-03 20:27:34
R1_n100_d75_0038.csv,2280.8,21,60.06,150.05,210.14,2026-05-03 20:31:04
R1_n100_d75_0039.csv,1960.5,21,40.04,150.04,190.13,2026-05-03 20:34:14
R1_n100_d75_0040.csv,2017.8,17,60.08,150.04,210.14,2026-05-03 20:37:44
R1_n100_d75_0041.csv,1983.8,17,40.04,150.04,190.11,2026-05-03 20:40:55
R1_n100_d75_0042.csv,1771,15,60.07,150.05,210.15,2026-05-03 20:44:25
R1_n100_d75_0043.csv,1765.8,15,60.08,150.04,210.18,2026-05-03 20:47:55
R1_n100_d75_0044.csv,1809.9,14,60.1,150.04,210.17,2026-05-03 20:51:25
R1_n100_d75_0045.csv,1681.9,14,40.06,150.05,190.15,2026-05-03 20:54:35
R1_n100_d75_0046.csv,1705.8,13,80.18,150.03,230.24,2026-05-03 20:58:25
R1_n100_d75_0047.csv,1662.1,13,60.09,150.04,210.16,2026-05-03 21:01:56
R1_n100_d75_0048.csv,2235,18,60.06,1214.27,1274.35,2026-05-03 21:23:10
R1_n100_d75_0049.csv,2341.7,23,40.03,150.04,190.1,2026-05-03 21:26:20
R1_n100_d75_0050.csv,1988.8,17,60.08,150.04,210.15,2026-05-03 21:29:50
R1_n100_d75_0051.csv,1777.4,17,40.06,150.05,190.13,2026-05-03 21:33:00
R1_n100_d75_0052.csv,2049.3,16,60.07,150.06,210.16,2026-05-03 21:36:30
R1_n100_d75_0053.csv,1621,13,40.04,150.05,190.12,2026-05-03 21:39:41
R1_n100_d75_0054.csv,2069.7,20,60.08,150.04,210.14,2026-05-03 21:43:11
R1_n100_d75_0055.csv,1924.8,14,60.09,150.05,210.16,2026-05-03 21:46:41
R1_n100_d75_0056.csv,2042.2,17,60.07,150.04,210.13,2026-05-03 21:50:11
R1_n100_d75_0057.csv,1644.2,14,60.09,150.04,210.15,2026-05-03 21:53:41
R1_n100_d75_0058.csv,1820.7,14,60.1,150.8,211.03,2026-05-03 21:57:12
R1_n100_d75_0059.csv,2199.3,22,40.03,150.04,190.1,2026-05-03 22:00:22
R1_n100_d75_0060.csv,2204.7,20,40.04,150.04,190.1,2026-05-03 22:03:32
R1_n100_d75_0061.csv,1899.2,19,40.04,150.04,190.1,2026-05-03 22:06:43
R1_n100_d75_0062.csv,2013.1,20,60.08,150.04,210.15,2026-05-03 22:10:13
R1_n100_d75_0063.csv,1889.6,14,80.13,150.04,230.2,2026-05-03 22:14:03
R1_n100_d75_0064.csv,1949.9,18,40.04,150.04,190.11,2026-05-03 22:17:13
R1_n100_d75_0065.csv,2198.3,20,60.09,150.03,210.15,2026-05-03 22:20:43
R1_n100_d75_0066.csv,1760.4,15,60.1,150.04,210.17,2026-05-03 22:24:13
R1_n100_d75_0067.csv,1823.9,14,80.14,150.04,230.22,2026-05-03 22:28:04
R1_n100_d75_0068.csv,2424.3,23,60.06,150.04,210.13,2026-05-03 22:31:34
R1_n100_d75_0069.csv,1842.3,14,60.11,150.04,210.19,2026-05-03 22:35:04
R1_n100_d75_0070.csv,2169.3,20,60.06,150.03,210.12,2026-05-03 22:38:34
R1_n100_d75_0071.csv,2128.4,19,60.08,150.04,210.15,2026-05-03 22:42:04
R1_n100_d75_0072.csv,2233,20,60.07,150.05,210.14,2026-05-03 22:45:34
R1_n100_d75_0073.csv,1736.1,14,60.12,150.04,210.2,2026-05-03 22:49:04
R1_n100_d75_0074.csv,1700.4,13,80.1,150.04,230.17,2026-05-03 22:52:55
R1_n100_d75_0075.csv,1744.1,13,60.08,150.06,210.17,2026-05-03 22:56:25
R2_n100_d100_0001.csv,2319.2000,23,60.09,150.04,210.17,2026-05-04 14:09:39
R2_n100_d100_0002.csv,2039.5000,19,40.03,150.04,190.10,2026-05-04 14:12:50
R2_n100_d100_0003.csv,2405.6000,24,60.07,150.04,210.14,2026-05-04 14:16:20
R2_n100_d100_0004.csv,1824.2000,16,40.04,150.04,190.11,2026-05-04 14:19:30
R2_n100_d100_0005.csv,2312.8000,23,40.04,150.04,190.10,2026-05-04 14:22:40
R2_n100_d100_0006.csv,1672.3000,14,60.09,150.04,210.16,2026-05-04 14:26:10
R2_n100_d100_0007.csv,2014.8000,19,40.04,150.05,190.12,2026-05-04 14:29:20
R2_n100_d100_0008.csv,1646.7000,11,60.08,150.04,210.14,2026-05-04 14:32:50
R2_n100_d100_0009.csv,1801.8000,16,60.07,150.04,210.13,2026-05-04 14:36:20
R2_n100_d100_0010.csv,2403.0000,22,60.07,150.04,210.14,2026-05-04 14:39:51
R2_n100_d100_0011.csv,1765.0000,14,40.04,150.04,190.11,2026-05-04 14:43:01
R2_n100_d100_0012.csv,1559.6000,13,40.04,150.05,190.11,2026-05-04 14:46:11
R2_n100_d100_0013.csv,1594.7000,12,40.05,150.05,190.13,2026-05-04 14:49:21
R2_n100_d100_0014.csv,2254.0000,22,60.08,150.04,210.14,2026-05-04 14:52:51
R2_n100_d100_0015.csv,1891.0000,19,60.08,150.04,210.14,2026-05-04 14:56:21
R2_n100_d100_0016.csv,1742.0000,14,60.07,150.04,210.14,2026-05-04 14:59:51
R2_n100_d100_0017.csv,1527.1000,10,40.04,150.05,190.12,2026-05-04 15:03:01
R2_n100_d100_0018.csv,1609.1000,13,40.05,150.04,190.11,2026-05-04 15:06:12
R2_n100_d100_0019.csv,1433.5000,10,40.04,150.04,190.11,2026-05-04 15:09:22
R2_n100_d100_0020.csv,2069.0000,18,60.08,150.04,210.15,2026-05-04 15:12:52
R2_n100_d100_0021.csv,2081.7000,18,40.04,150.04,190.11,2026-05-04 15:16:02
R2_n100_d100_0022.csv,1758.1000,16,40.05,150.05,190.14,2026-05-04 15:19:12
R2_n100_d100_0023.csv,1738.7000,14,60.08,150.05,210.17,2026-05-04 15:22:42
R2_n100_d100_0024.csv,2149.6000,20,60.10,150.06,210.18,2026-05-04 15:26:12
R2_n100_d100_0025.csv,1993.4000,19,40.05,150.04,190.12,2026-05-04 15:29:23
R2_n100_d100_0026.csv,1769.1000,15,60.07,150.04,210.13,2026-05-04 15:32:53
R2_n100_d100_0027.csv,2450.5000,24,60.06,150.03,210.19,2026-05-04 15:36:23
R2_n100_d100_0028.csv,1365.2000,8,60.09,150.04,210.16,2026-05-04 15:39:53
R2_n100_d100_0029.csv,1565.5000,12,60.07,150.04,210.15,2026-05-04 15:43:23
R2_n100_d100_0030.csv,2283.7000,20,60.07,150.03,210.13,2026-05-04 15:46:53
R2_n100_d100_0031.csv,2212.5000,21,40.05,150.04,190.11,2026-05-04 15:50:03
R2_n100_d100_0032.csv,1357.1000,9,40.04,150.04,190.12,2026-05-04 15:53:14
R2_n100_d100_0033.csv,2291.2000,20,60.07,150.03,210.14,2026-05-04 23:46:25
R2_n100_d100_0034.csv,1817.5000,15,40.04,150.04,190.10,2026-05-04 23:49:35
R2_n100_d100_0035.csv,2233.7000,22,40.04,150.05,190.11,2026-05-04 23:52:46
R2_n100_d100_0036.csv,1944.2000,16,60.08,150.04,210.15,2026-05-04 23:56:16
R2_n100_d100_0037.csv,2146.7000,20,40.04,150.04,190.11,2026-05-04 23:59:26
R2_n100_d100_0038.csv,2096.5000,15,60.06,150.04,210.13,2026-05-05 00:02:56
R2_n100_d100_0039.csv,1417.1000,10,40.04,150.04,190.10,2026-05-05 00:06:06
R2_n100_d100_0040.csv,1662.2000,13,40.04,150.04,190.11,2026-05-05 00:09:16
R2_n100_d100_0041.csv,2157.3000,20,40.04,150.04,190.12,2026-05-05 00:12:26
R2_n100_d100_0042.csv,1817.8000,15,60.07,150.04,210.13,2026-05-05 00:15:56
R2_n100_d100_0043.csv,2005.2000,19,40.04,150.04,190.13,2026-05-05 00:19:07
R2_n100_d100_0044.csv,1846.4000,17,60.07,150.04,210.14,2026-05-05 00:22:37
R2_n100_d100_0045.csv,2124.4000,20,40.05,150.05,190.13,2026-05-05 00:25:47
R2_n100_d100_0046.csv,1411.9000,9,60.09,150.07,210.20,2026-05-05 00:29:17
R2_n100_d100_0047.csv,1376.1000,10,40.06,150.06,190.17,2026-05-05 00:32:27
R2_n100_d100_0048.csv,1669.8000,13,40.05,150.06,190.15,2026-05-05 00:35:37
R2_n100_d100_0049.csv,1533.0000,11,60.08,150.04,210.16,2026-05-05 00:39:08
R2_n100_d100_0050.csv,2346.1000,22,60.08,150.05,210.16,2026-05-05 00:42:38
R2_n100_d100_0051.csv,2028.5000,19,60.12,150.04,210.20,2026-05-05 00:46:08
R2_n100_d100_0052.csv,1409.1000,10,40.05,150.05,190.14,2026-05-05 00:49:18
R2_n100_d100_0053.csv,1851.3000,15,479.46,150.03,629.52,2026-05-05 00:59:48
R2_n100_d100_0054.csv,2021.9000,18,60.08,150.04,210.15,2026-05-05 01:03:18
R2_n100_d100_0055.csv,1913.3000,16,60.08,150.04,210.14,2026-05-05 01:06:48
R2_n100_d100_0056.csv,2076.4000,19,60.09,150.03,210.15,2026-05-05 01:10:18
R2_n100_d100_0057.csv,1632.1000,12,60.07,150.05,210.15,2026-05-05 01:13:48
R2_n100_d100_0058.csv,1847.6000,15,60.06,150.03,210.12,2026-05-05 01:17:18
R2_n100_d100_0059.csv,1901.8000,17,40.06,150.05,190.14,2026-05-05 01:20:28
R2_n100_d100_0060.csv,1709.2000,15,40.03,150.04,190.10,2026-05-05 01:23:38
R2_n100_d100_0061.csv,1808.3000,14,60.06,150.03,210.13,2026-05-05 01:27:09
R2_n100_d100_0062.csv,1493.8000,9,60.07,150.04,210.13,2026-05-05 01:30:39
R2_n100_d100_0063.csv,1402.3000,10,40.46,150.04,190.53,2026-05-05 01:33:49
R2_n100_d100_0064.csv,1670.8000,13,40.04,150.04,190.10,2026-05-05 01:36:59
R2_n100_d100_0065.csv,1872.3000,16,40.05,150.04,190.11,2026-05-05 01:40:09
R2_n100_d100_0066.csv,2100.2000,19,40.06,150.06,190.14,2026-05-05 01:43:20
R2_n100_d100_0067.csv,1672.7000,14,40.06,150.04,190.14,2026-05-05 01:46:30
R2_n100_d100_0068.csv,1533.6000,12,40.05,150.06,190.13,2026-05-05 01:49:40
R2_n100_d100_0069.csv,2137.1000,19,60.07,150.04,210.13,2026-05-05 01:53:10
R2_n100_d100_0070.csv,2414.7000,21,60.07,150.04,210.14,2026-05-05 01:56:40
R2_n100_d100_0071.csv,1868.4000,16,60.07,150.03,210.13,2026-05-05 02:00:10
R2_n100_d100_0072.csv,1768.2000,16,40.05,150.04,190.11,2026-05-05 02:03:20
R2_n100_d100_0073.csv,1925.6000,14,60.06,150.03,210.14,2026-05-05 02:06:51
R2_n100_d100_0074.csv,1880.3000,18,60.13,150.06,210.21,2026-05-05 02:10:21
R2_n100_d100_0075.csv,1518.9000,11,40.03,150.04,190.12,2026-05-05 02:13:31
R2_n100_d100_0076.csv,1774.6000,15,60.09,150.03,210.15,2026-05-05 02:17:01
R2_n100_d100_0077.csv,2231.6000,20,60.07,150.03,210.14,2026-05-05 02:20:31
R2_n100_d100_0078.csv,1788.7000,14,40.04,150.04,190.11,2026-05-05 02:23:41
R2_n100_d100_0079.csv,1702.9000,14,40.08,150.05,190.15,2026-05-05 02:26:51
R2_n100_d100_0080.csv,1472.5000,10,40.04,150.04,190.14,2026-05-05 02:30:02
R2_n100_d100_0081.csv,1464.6000,9,60.06,150.04,210.12,2026-05-05 02:33:32
R2_n100_d100_0082.csv,1742.9000,15,60.06,150.04,210.13,2026-05-05 02:37:02
R2_n100_d100_0083.csv,2214.5000,21,60.06,150.04,210.13,2026-05-05 02:40:32
R2_n100_d100_0084.csv,1682.2000,14,40.04,150.04,190.12,2026-05-05 02:43:42
R2_n100_d100_0085.csv,1673.6000,14,40.04,150.04,190.10,2026-05-05 02:46:52
R2_n100_d100_0086.csv,1412.2000,9,40.04,150.04,190.10,2026-05-05 02:50:02
R2_n100_d100_0087.csv,1712.9000,13,60.09,150.05,210.17,2026-05-05 02:53:32
R2_n100_d25_0001.csv,1428.1000,12,40.04,150.04,190.11,2026-05-05 02:56:43
R2_n100_d25_0002.csv,1155.1000,9,40.05,150.04,190.12,2026-05-05 02:59:53
R2_n100_d25_0003.csv,1790.8000,15,60.07,150.04,210.14,2026-05-05 03:03:23
R2_n100_d25_0004.csv,1951.0000,17,60.08,150.04,210.15,2026-05-05 15:13:44
R2_n100_d25_0005.csv,1861.3000,17,40.07,150.04,190.14,2026-05-05 15:16:54
R2_n100_d25_0006.csv,2101.5000,20,40.04,150.04,190.10,2026-05-05 15:20:04
R2_n100_d25_0007.csv,2467.3000,24,60.06,150.04,210.13,2026-05-05 15:23:34
R2_n100_d25_0008.csv,1274.9000,10,40.04,150.05,190.11,2026-05-05 15:26:44
R2_n100_d25_0009.csv,1562.7000,14,60.06,150.05,210.13,2026-05-05 15:30:14
R2_n100_d25_0010.csv,1750.8000,15,40.04,150.04,190.10,2026-05-05 15:33:24
R2_n100_d25_0011.csv,1300.8000,10,60.09,150.04,210.15,2026-05-05 15:36:54
R2_n100_d25_0012.csv,1826.7000,18,40.05,150.04,190.12,2026-05-05 15:40:05
R2_n100_d25_0013.csv,1885.1000,18,40.04,150.04,190.11,2026-05-05 15:43:15
R2_n100_d25_0014.csv,1849.3000,17,40.04,150.04,190.11,2026-05-05 15:46:25
R2_n100_d25_0015.csv,2031.1000,21,40.04,150.04,190.11,2026-05-05 15:49:35
R2_n100_d25_0016.csv,2419.9000,24,60.06,150.04,210.13,2026-05-05 15:53:05
R2_n100_d25_0017.csv,1998.1000,20,40.05,150.04,190.11,2026-05-05 15:56:15
R2_n100_d25_0018.csv,1312.4000,10,60.06,150.05,210.13,2026-05-05 15:59:45
R2_n100_d25_0019.csv,1241.4000,10,40.04,150.04,190.11,2026-05-05 16:02:55
R2_n100_d25_0020.csv,1220.5000,9,40.04,150.05,190.12,2026-05-05 16:06:06
R2_n100_d25_0021.csv,2166.6000,22,40.04,150.04,190.10,2026-05-05 16:09:16
R2_n100_d25_0022.csv,1435.1000,11,40.05,150.05,190.13,2026-05-05 16:12:26
R2_n100_d25_0023.csv,1231.7000,9,40.04,150.06,190.12,2026-05-05 16:15:36
R2_n100_d25_0024.csv,2066.4000,19,40.04,150.04,190.10,2026-05-05 16:18:46
R2_n100_d25_0025.csv,1385.0000,11,40.04,150.04,190.11,2026-05-05 16:21:56
R2_n100_d25_0026.csv,2218.3000,22,40.05,150.07,190.16,2026-05-05 16:25:06
R2_n100_d25_0027.csv,2129.5000,22,40.04,150.04,190.10,2026-05-05 16:28:16
R2_n100_d25_0028.csv,1204.4000,10,40.05,150.03,190.11,2026-05-05 16:31:26
R2_n100_d25_0029.csv,1688.1000,15,40.03,150.03,190.10,2026-05-05 16:34:37
R2_n100_d25_0030.csv,1676.4000,15,40.04,150.04,190.11,2026-05-05 16:37:47
R2_n100_d25_0031.csv,1383.7000,12,40.04,150.03,190.11,2026-05-05 16:40:57
R2_n100_d25_0032.csv,1349.2000,11,40.06,150.05,190.13,2026-05-05 16:44:07
R2_n100_d25_0033.csv,2061.0000,19,60.07,150.04,210.14,2026-05-05 16:47:37
R2_n100_d25_0034.csv,1414.8000,12,60.09,150.04,210.15,2026-05-05 16:51:07
R2_n100_d25_0035.csv,1737.1000,15,60.06,150.04,210.13,2026-05-05 16:54:37
R2_n100_d25_0036.csv,2236.2000,21,60.08,150.04,210.15,2026-05-05 16:58:07
R2_n100_d25_0037.csv,1744.6000,15,60.09,150.04,210.16,2026-05-05 17:01:38
R2_n100_d25_0038.csv,1200.4000,9,40.05,150.05,190.15,2026-05-05 17:04:48
R2_n100_d50_0001.csv,1387.9000,12,40.05,150.04,190.12,2026-05-05 17:07:58
R2_n100_d50_0002.csv,1394.2000,11,40.04,150.04,190.11,2026-05-05 17:11:08
R2_n100_d50_0003.csv,1272.5000,10,40.06,150.04,190.12,2026-05-05 17:14:18
R2_n100_d50_0004.csv,1788.3000,15,60.07,150.04,210.14,2026-05-05 17:17:48
R2_n100_d50_0005.csv,1554.1000,14,60.07,150.06,210.16,2026-05-05 17:21:18
R2_n100_d50_0006.csv,1989.9000,18,40.04,150.04,190.11,2026-05-05 17:24:29
R2_n100_d50_0007.csv,1826.1000,16,40.04,150.04,190.13,2026-05-05 17:27:39
R2_n100_d50_0008.csv,1514.1000,13,60.06,150.04,210.12,2026-05-05 17:31:09
R2_n100_d50_0009.csv,1620.0000,14,40.04,150.04,190.11,2026-05-05 17:34:19
R2_n100_d50_0010.csv,2480.4000,24,60.06,150.03,210.13,2026-05-05 17:37:49
R2_n100_d50_0011.csv,1881.7000,18,40.03,150.04,190.09,2026-05-05 17:40:59
R2_n100_d50_0012.csv,1644.3000,14,40.03,150.06,190.12,2026-05-05 17:44:09
R2_n100_d50_0013.csv,1748.5000,16,40.03,150.04,190.10,2026-05-05 17:47:19
R2_n100_d50_0014.csv,1740.2000,16,40.05,150.04,190.11,2026-05-05 17:50:29
R2_n100_d50_0015.csv,2112.9000,20,60.08,150.04,210.16,2026-05-05 17:54:00
R2_n100_d50_0016.csv,2224.9000,22,60.06,150.04,210.14,2026-05-05 17:57:30
R2_n100_d50_0017.csv,2412.7000,23,40.03,150.06,190.12,2026-05-05 18:00:40
R2_n100_d50_0018.csv,1915.2000,17,60.08,150.05,210.17,2026-05-05 18:04:10
R2_n100_d50_0019.csv,1807.7000,16,40.04,150.04,190.19,2026-05-05 18:07:20
R2_n100_d50_0020.csv,1984.5000,18,60.06,150.04,210.13,2026-05-05 18:10:50
R2_n100_d50_0021.csv,1340.6000,10,40.05,150.04,190.11,2026-05-05 18:14:01
R2_n100_d50_0022.csv,2070.3000,20,40.04,150.04,190.10,2026-05-05 18:17:11
R2_n100_d50_0023.csv,1239.6000,10,40.04,150.04,190.10,2026-05-05 18:20:21
R2_n100_d50_0024.csv,1843.5000,16,60.06,150.04,210.12,2026-05-05 18:23:51
R2_n100_d50_0025.csv,1669.0000,15,40.03,150.03,190.10,2026-05-05 18:27:01
R2_n100_d50_0026.csv,1947.0000,17,60.06,150.03,210.12,2026-05-05 18:30:31
R2_n100_d50_0027.csv,1296.3000,10,40.06,150.04,190.12,2026-05-05 18:33:41
R2_n100_d50_0028.csv,1373.5000,10,40.05,150.04,190.12,2026-05-05 18:36:51
R2_n100_d50_0029.csv,1454.7000,12,40.05,150.03,190.11,2026-05-05 18:40:01
R2_n100_d50_0030.csv,2189.5000,22,60.07,150.06,210.16,2026-05-05 18:43:32
R2_n100_d50_0031.csv,1858.2000,17,40.04,150.04,190.10,2026-05-05 18:46:42
R2_n100_d50_0032.csv,1619.4000,14,40.04,150.04,190.10,2026-05-05 18:49:52
R2_n100_d50_0033.csv,1447.0000,12,40.04,150.04,190.13,2026-05-05 18:53:02
R2_n100_d50_0034.csv,1350.5000,10,60.09,150.04,210.15,2026-05-05 18:56:32
R2_n100_d50_0035.csv,1636.2000,15,60.08,150.04,210.15,2026-05-05 19:00:02
R2_n100_d50_0036.csv,2054.6000,21,40.03,150.04,190.10,2026-05-05 19:03:12
R2_n100_d50_0037.csv,1374.6000,11,40.03,150.04,190.10,2026-05-05 19:06:22
R2_n100_d50_0038.csv,2027.2000,19,60.08,150.04,210.15,2026-05-05 19:09:53
R2_n100_d50_0039.csv,1311.2000,10,40.05,150.07,190.15,2026-05-05 19:13:03
R2_n100_d50_0040.csv,1527.5000,13,60.10,150.04,210.16,2026-05-05 19:16:33
R2_n100_d50_0041.csv,1306.7000,10,40.04,150.04,190.11,2026-05-05 19:19:43
R2_n100_d50_0042.csv,2071.6000,20,40.04,150.04,190.10,2026-05-05 19:22:53
R2_n100_d50_0043.csv,1727.7000,15,40.05,150.04,190.12,2026-05-05 19:26:03
R2_n100_d50_0044.csv,1963.7000,18,40.04,150.04,190.10,2026-05-05 19:29:13
R2_n100_d50_0045.csv,1753.5000,15,40.05,150.04,190.12,2026-05-06 00:39:42
R2_n100_d50_0046.csv,1534.1000,13,60.06,150.04,210.13,2026-05-06 00:43:13
R2_n100_d50_0047.csv,2198.1000,21,60.07,150.05,210.14,2026-05-06 00:46:43
R2_n100_d50_0048.csv,1379.5000,10,60.07,150.04,210.14,2026-05-06 00:50:13
R2_n100_d50_0049.csv,2147.3000,21,40.04,150.04,190.10,2026-05-06 00:53:23
R2_n100_d50_0050.csv,1945.3000,20,40.04,150.04,190.11,2026-05-06 00:56:33
R2_n100_d75_0001.csv,1717.7000,15,40.04,150.04,190.11,2026-05-06 00:59:43
R2_n100_d75_0002.csv,1683.2000,15,40.03,150.04,190.09,2026-05-06 01:02:53
R2_n100_d75_0003.csv,1364.8000,10,40.06,150.64,190.72,2026-05-06 01:06:04
R2_n100_d75_0004.csv,1334.4000,10,40.04,150.04,190.10,2026-05-06 01:09:14
R2_n100_d75_0005.csv,1544.0000,12,60.06,150.04,210.13,2026-05-06 01:12:44
R2_n100_d75_0006.csv,1276.2000,9,40.07,150.04,190.13,2026-05-06 01:15:54
R2_n100_d75_0007.csv,1653.2000,15,40.04,150.04,190.10,2026-05-06 01:19:04
R2_n100_d75_0008.csv,1604.3000,14,60.06,150.04,210.13,2026-05-06 01:22:35
R2_n100_d75_0009.csv,2263.0000,23,60.10,150.04,210.17,2026-05-06 01:26:05
R2_n100_d75_0010.csv,1767.4000,15,40.06,150.04,190.12,2026-05-06 01:29:15
R2_n100_d75_0011.csv,1707.6000,15,40.06,150.04,190.12,2026-05-06 01:32:25
R2_n100_d75_0012.csv,1819.9000,17,40.04,150.04,190.10,2026-05-06 01:35:35
R2_n100_d75_0013.csv,1438.9000,10,40.05,150.04,190.12,2026-05-06 01:38:45
R2_n100_d75_0014.csv,1366.7000,9,40.06,150.04,190.14,2026-05-06 01:41:55
R2_n100_d75_0015.csv,2011.5000,20,60.06,150.04,210.12,2026-05-06 01:45:25
R2_n100_d75_0016.csv,2071.5000,20,40.04,150.04,190.11,2026-05-06 01:48:36
R2_n100_d75_0017.csv,1775.6000,15,60.06,150.04,210.13,2026-05-06 01:52:06
R2_n100_d75_0018.csv,1463.1000,12,40.04,150.04,190.10,2026-05-06 01:55:16
R2_n100_d75_0019.csv,1830.2000,16,40.05,150.04,190.12,2026-05-06 01:58:26
R2_n100_d75_0020.csv,1445.5000,11,60.10,150.04,210.17,2026-05-06 02:01:56
R2_n100_d75_0021.csv,1568.9000,11,60.11,150.04,210.19,2026-05-06 02:05:26
R2_n100_d75_0022.csv,2036.6000,20,60.07,150.04,210.13,2026-05-06 02:08:56
R2_n100_d75_0023.csv,1999.4000,16,60.08,150.03,210.14,2026-05-06 02:12:27
R2_n100_d75_0024.csv,1501.3000,12,40.05,150.04,190.11,2026-05-06 02:15:37
R2_n100_d75_0025.csv,2039.3000,18,40.03,150.04,190.10,2026-05-06 02:18:47
R2_n100_d75_0026.csv,1690.3000,15,40.04,150.03,190.10,2026-05-06 02:21:57
R2_n100_d75_0027.csv,1875.8000,16,60.06,150.06,210.16,2026-05-06 02:25:27
R2_n100_d75_0028.csv,1622.3000,14,60.06,150.04,210.13,2026-05-06 02:28:57
R2_n100_d75_0029.csv,2132.0000,21,40.03,150.04,190.09,2026-05-06 02:32:07
R2_n100_d75_0030.csv,2070.8000,19,40.05,150.05,190.12,2026-05-06 02:35:17
R2_n100_d75_0031.csv,2141.1000,20,60.12,150.05,210.20,2026-05-06 02:38:48
R2_n100_d75_0032.csv,1484.4000,12,40.04,150.04,190.11,2026-05-06 02:41:58
R2_n100_d75_0033.csv,1821.0000,17,40.03,150.03,190.09,2026-05-06 02:45:08
R2_n100_d75_0034.csv,1359.3000,10,40.06,150.04,190.14,2026-05-06 02:48:18
R2_n100_d75_0035.csv,1908.7000,20,40.03,150.03,190.09,2026-05-06 02:51:28
R2_n100_d75_0036.csv,1709.3000,14,60.09,150.04,210.16,2026-05-06 02:54:58
R2_n100_d75_0037.csv,1838.4000,16,60.07,150.03,210.14,2026-05-06 12:35:50
R2_n100_d75_0038.csv,1355.9000,10,40.04,150.61,190.68,2026-05-06 12:39:00
R2_n100_d75_0039.csv,1514.5000,13,40.04,150.05,190.11,2026-05-06 12:42:11
R2_n100_d75_0040.csv,2109.8000,20,60.08,150.04,210.14,2026-05-06 12:45:41
R2_n100_d75_0041.csv,1365.2000,11,40.04,150.04,190.11,2026-05-06 12:48:51
R2_n100_d75_0042.csv,1572.5000,13,40.05,150.04,190.11,2026-05-06 12:52:01
R2_n100_d75_0043.csv,1723.9000,15,40.04,150.04,190.11,2026-05-06 12:55:11
R2_n100_d75_0044.csv,2250.0000,21,60.06,150.04,210.13,2026-05-06 12:58:41
R2_n100_d75_0045.csv,1415.8000,10,40.05,150.04,190.12,2026-05-06 13:01:51
R2_n100_d75_0046.csv,2271.2000,22,40.04,150.04,190.17,2026-05-06 13:05:01
R2_n100_d75_0047.csv,2217.0000,21,60.06,150.04,210.13,2026-05-06 13:08:32
R2_n100_d75_0048.csv,2140.0000,20,60.07,150.04,210.15,2026-05-06 13:12:02
R2_n100_d75_0049.csv,1785.2000,15,60.06,150.04,210.12,2026-05-06 13:15:32
R2_n100_d75_0050.csv,1345.7000,9,40.04,5669.73,5709.79,2026-05-06 14:50:42
R2_n100_d75_0051.csv,1885.1000,18,40.07,150.04,190.15,2026-05-06 14:53:52
R2_n100_d75_0052.csv,1301.8000,9,40.05,150.05,190.14,2026-05-06 14:57:02
R2_n100_d75_0053.csv,1649.2000,15,40.04,150.04,190.11,2026-05-06 15:00:12
R2_n100_d75_0054.csv,1807.7000,17,40.04,150.04,190.10,2026-05-06 15:03:22
R2_n100_d75_0055.csv,1329.9000,10,40.04,150.05,190.13,2026-05-06 15:06:32
R2_n100_d75_0056.csv,2044.6000,17,60.06,150.04,210.12,2026-05-06 15:10:02
R2_n100_d75_0057.csv,2351.2000,22,60.06,150.04,210.12,2026-05-06 15:13:32
R2_n100_d75_0058.csv,1707.6000,14,60.07,150.04,210.14,2026-05-06 15:17:03
R2_n100_d75_0059.csv,1700.5000,14,40.05,150.04,190.14,2026-05-06 15:20:13
R2_n100_d75_0060.csv,2165.3000,20,60.07,150.04,210.16,2026-05-06 15:23:43
R2_n100_d75_0061.csv,1693.1000,15,60.49,150.04,210.56,2026-05-06 15:27:13
R2_n100_d75_0062.csv,1517.5000,13,40.04,150.04,190.10,2026-05-06 15:30:24
R2_n100_d75_0063.csv,2036.6000,21,40.04,150.04,190.11,2026-05-06 15:33:34
R2_n100_d75_0064.csv,1366.4000,10,40.06,150.05,190.15,2026-05-06 15:36:44
R2_n100_d75_0065.csv,2387.4000,22,60.06,150.04,210.14,2026-05-06 15:40:14
R2_n100_d75_0066.csv,1897.9000,19,40.04,150.04,190.11,2026-05-06 19:40:52
R2_n100_d75_0067.csv,1629.2000,13,60.07,150.04,210.13,2026-05-06 19:44:22
R2_n100_d75_0068.csv,1367.2000,10,40.04,150.04,190.11,2026-05-06 19:47:32
R2_n100_d75_0069.csv,1818.4000,17,60.07,150.04,210.14,2026-05-06 19:51:02
R2_n100_d75_0070.csv,1415.7000,11,40.04,150.05,190.12,2026-05-06 19:54:12
R2_n100_d75_0071.csv,2048.1000,21,40.03,151.34,191.46,2026-05-06 19:57:24
R2_n100_d75_0072.csv,1458.0000,12,40.04,150.05,190.12,2026-05-06 20:00:34
R2_n100_d75_0073.csv,1544.7000,13,40.06,150.04,190.13,2026-05-06 20:03:44
R2_n100_d75_0074.csv,2180.2000,21,60.07,150.04,210.14,2026-05-06 20:07:14
R2_n100_d75_0075.csv,1434.2000,11,40.05,150.04,190.11,2026-05-06 20:10:24
RC1_n100_d100_0001.csv,1860.7000,17,60.07,150.04,210.13,2026-05-06 20:13:55
RC1_n100_d100_0002.csv,1956.2000,18,60.07,150.04,210.14,2026-05-06 20:17:25
RC1_n100_d100_0003.csv,2081.9000,20,60.07,150.04,210.14,2026-05-06 20:20:55
RC1_n100_d100_0004.csv,2206.4000,19,60.09,150.06,210.18,2026-05-06 20:24:25
RC1_n100_d100_0005.csv,2759.3000,22,60.07,150.04,210.15,2026-05-06 20:27:55
RC1_n100_d100_0006.csv,1626.2000,12,61.39,150.04,211.47,2026-05-07 16:21:14
RC1_n100_d100_0007.csv,1618.1000,12,60.10,150.04,210.23,2026-05-07 16:24:44
RC1_n100_d100_0008.csv,1765.9000,12,80.12,150.04,230.19,2026-05-07 16:28:34
RC1_n100_d100_0009.csv,1658.9000,13,60.07,150.04,210.22,2026-05-07 16:32:05
RC1_n100_d100_0010.csv,1620.5000,12,80.11,150.04,230.25,2026-05-07 16:35:55
RC1_n100_d100_0011.csv,1737.8000,15,40.05,150.04,190.13,2026-05-07 16:39:05
RC1_n100_d100_0012.csv,1612.0000,13,40.05,150.04,190.12,2026-05-07 16:42:15
RC1_n100_d100_0013.csv,1949.7000,19,60.10,150.04,210.17,2026-05-07 16:45:45
RC1_n100_d100_0014.csv,1976.4000,19,40.04,150.05,190.11,2026-05-07 16:48:55
RC1_n100_d100_0015.csv,1689.4000,12,60.10,150.05,210.25,2026-05-07 16:52:26
RC1_n100_d100_0016.csv,1979.0000,20,60.09,150.04,210.22,2026-05-07 16:55:56
RC1_n100_d100_0017.csv,1719.8000,15,40.04,150.05,190.19,2026-05-07 16:59:06
RC1_n100_d100_0018.csv,1951.9000,18,40.05,150.05,190.13,2026-05-07 17:02:16
RC1_n100_d100_0019.csv,1596.2000,12,60.09,150.04,210.26,2026-05-07 17:05:47
RC1_n100_d100_0020.csv,1731.5000,13,40.06,150.04,190.13,2026-05-07 17:08:57
RC1_n100_d100_0021.csv,1961.8000,17,60.08,150.04,210.14,2026-05-07 17:12:27
RC1_n100_d100_0022.csv,1648.9000,12,60.10,150.09,210.23,2026-05-07 17:15:57
RC1_n100_d100_0023.csv,1692.3000,13,60.10,150.05,210.19,2026-05-07 17:19:27
RC1_n100_d100_0024.csv,2297.8000,23,40.04,150.04,190.10,2026-05-07 17:22:37
RC1_n100_d100_0025.csv,1704.5000,13,60.07,150.04,210.15,2026-05-07 17:26:07
RC1_n100_d100_0026.csv,1981.7000,20,40.06,150.04,190.14,2026-05-07 17:29:18
RC1_n100_d100_0027.csv,1600.7000,12,60.09,150.05,210.16,2026-05-07 17:32:48
RC1_n100_d100_0028.csv,2180.2000,21,60.08,150.04,210.15,2026-05-07 17:36:18
RC1_n100_d100_0029.csv,2216.9000,22,40.04,150.04,190.18,2026-05-07 17:39:28
RC1_n100_d100_0030.csv,2085.0000,20,60.09,150.03,210.22,2026-05-07 17:42:58
RC1_n100_d100_0031.csv,1677.8000,13,60.08,758.95,819.06,2026-05-07 23:00:10
RC1_n100_d100_0032.csv,1997.2000,19,60.07,150.04,210.13,2026-05-07 23:03:40
RC1_n100_d100_0033.csv,2029.9000,20,40.04,150.04,190.12,2026-05-07 23:06:50
RC1_n100_d100_0034.csv,2044.0000,19,60.07,150.04,210.14,2026-05-07 23:10:20
RC1_n100_d100_0035.csv,1839.4000,16,60.07,150.04,210.14,2026-05-07 23:13:50
RC1_n100_d100_0036.csv,1680.4000,12,60.09,150.05,210.16,2026-05-07 23:17:21
RC1_n100_d100_0037.csv,2020.4000,20,40.04,150.50,190.56,2026-05-07 23:20:31
RC1_n100_d100_0038.csv,1610.6000,13,40.04,150.04,190.12,2026-05-07 23:23:41
RC1_n100_d100_0039.csv,1934.2000,17,60.06,150.04,210.13,2026-05-07 23:27:11
RC1_n100_d100_0040.csv,1497.1000,12,60.09,150.04,210.17,2026-05-07 23:30:42
RC1_n100_d100_0041.csv,2288.0000,23,40.04,150.04,190.12,2026-05-07 23:33:52
RC1_n100_d100_0042.csv,1630.7000,12,60.08,150.04,210.16,2026-05-07 23:52:56
RC1_n100_d100_0043.csv,1565.1000,14,60.10,150.06,210.18,2026-05-07 23:56:27
RC1_n100_d100_0044.csv,1800.9000,15,60.08,150.05,210.17,2026-05-07 23:59:57
RC1_n100_d100_0045.csv,1934.0000,18,40.04,150.04,190.11,2026-05-08 00:03:07
RC1_n100_d100_0046.csv,1561.5000,12,60.08,150.07,210.18,2026-05-08 00:06:37
RC1_n100_d100_0047.csv,2230.2000,22,40.04,150.04,190.11,2026-05-08 00:09:47
RC1_n100_d100_0048.csv,1644.5000,12,80.13,150.05,230.22,2026-05-08 00:13:37
RC1_n100_d100_0049.csv,1612.2000,12,60.09,150.05,210.16,2026-05-08 00:17:08
RC1_n100_d100_0050.csv,1975.4000,19,60.08,150.04,210.14,2026-05-08 00:20:38
RC1_n100_d100_0051.csv,1618.9000,13,60.09,150.05,210.16,2026-05-08 00:24:08
RC1_n100_d100_0052.csv,1710.4000,12,60.10,150.04,210.16,2026-05-08 00:27:38
RC1_n100_d100_0053.csv,1494.2000,12,60.08,150.06,210.17,2026-05-08 00:31:08
RC1_n100_d100_0054.csv,1920.7000,19,40.05,150.06,190.13,2026-05-08 00:34:18
RC1_n100_d100_0055.csv,2045.9000,19,60.06,150.04,210.14,2026-05-08 00:37:48
RC1_n100_d100_0056.csv,1759.6000,13,60.08,150.06,210.17,2026-05-08 00:41:19
RC1_n100_d100_0057.csv,1874.9000,15,60.07,150.04,210.14,2026-05-08 00:44:49
RC1_n100_d100_0058.csv,1740.4000,13,60.09,150.05,210.16,2026-05-08 00:48:19
RC1_n100_d100_0059.csv,1693.7000,15,40.06,150.04,190.14,2026-05-08 00:51:29
RC1_n100_d100_0060.csv,1811.2000,15,40.04,150.04,190.12,2026-05-08 00:54:39
RC1_n100_d100_0061.csv,1603.1000,13,40.05,150.04,190.14,2026-05-08 00:57:49
RC1_n100_d100_0062.csv,1859.5000,17,60.11,150.07,210.21,2026-05-08 01:01:20
RC1_n100_d100_0063.csv,1635.5000,13,60.08,150.04,210.15,2026-05-08 01:04:50
RC1_n100_d100_0064.csv,2022.9000,18,40.05,150.06,190.18,2026-05-08 01:08:00
RC1_n100_d100_0065.csv,1975.2000,19,60.10,150.06,210.22,2026-05-08 01:11:30
RC1_n100_d100_0066.csv,1923.1000,17,60.08,150.04,210.17,2026-05-08 01:15:00
RC1_n100_d100_0067.csv,1729.9000,14,40.04,150.04,190.11,2026-05-08 01:18:10
RC1_n100_d100_0068.csv,1761.6000,16,40.04,150.04,190.13,2026-05-08 01:21:21
RC1_n100_d100_0069.csv,2191.7000,21,60.09,150.04,210.17,2026-05-08 01:24:51
RC1_n100_d100_0070.csv,1710.2000,13,60.10,150.04,210.19,2026-05-08 01:28:21
RC1_n100_d100_0071.csv,2048.3000,19,60.07,150.08,210.17,2026-05-08 01:31:51
RC1_n100_d100_0072.csv,1739.8000,13,80.14,150.08,230.28,2026-05-08 01:35:41
RC1_n100_d100_0073.csv,1784.7000,16,60.07,150.04,210.13,2026-05-08 01:39:12
RC1_n100_d100_0074.csv,2148.6000,23,60.09,150.05,210.16,2026-05-08 12:49:47
RC1_n100_d100_0075.csv,1880.1000,15,60.08,150.04,210.14,2026-05-08 12:53:17
RC1_n100_d100_0076.csv,1771.1000,16,60.07,150.05,210.14,2026-05-08 12:56:47
RC1_n100_d100_0077.csv,1809.7000,16,40.04,150.04,190.18,2026-05-08 12:59:58
RC1_n100_d100_0078.csv,1712.3000,15,60.13,150.04,210.20,2026-05-08 13:03:28
RC1_n100_d100_0079.csv,1701.0000,13,60.09,150.04,210.16,2026-05-08 13:06:58
RC1_n100_d100_0080.csv,2263.6000,22,60.06,150.04,210.13,2026-05-08 13:10:28
RC1_n100_d100_0081.csv,1805.8000,16,40.04,150.04,190.10,2026-05-08 13:13:38
RC1_n100_d100_0082.csv,1686.8000,15,60.07,150.04,210.13,2026-05-08 13:17:08
RC1_n100_d100_0083.csv,1697.7000,14,60.07,150.93,211.02,2026-05-08 13:20:39
RC1_n100_d100_0084.csv,1772.9000,16,60.06,150.04,210.13,2026-05-08 13:24:09
RC1_n100_d100_0085.csv,1940.8000,18,60.06,150.04,210.13,2026-05-08 13:27:40
RC1_n100_d100_0086.csv,1850.6000,17,60.07,150.04,210.14,2026-05-08 13:31:10
RC1_n100_d100_0087.csv,1662.6000,12,60.09,150.04,210.23,2026-05-08 13:34:40
RC1_n100_d25_0001.csv,1384.3000,11,40.04,150.07,190.15,2026-05-08 13:37:50
RC1_n100_d25_0002.csv,1640.5000,15,60.09,150.06,210.18,2026-05-08 13:41:20
RC1_n100_d25_0003.csv,1358.1000,13,40.04,2128.04,2168.10,2026-05-08 14:17:28
RC1_n100_d25_0004.csv,2212.4000,22,40.06,150.05,190.13,2026-05-08 14:20:39
RC1_n100_d25_0005.csv,1435.5000,13,40.04,150.04,190.19,2026-05-08 14:23:49
RC1_n100_d25_0006.csv,1453.4000,12,60.09,150.07,210.20,2026-05-08 14:27:19
RC1_n100_d25_0007.csv,2200.1000,23,40.04,150.04,190.10,2026-05-08 14:30:29
RC1_n100_d25_0008.csv,1319.8000,11,60.09,150.05,210.24,2026-05-08 14:33:59
RC1_n100_d25_0009.csv,1665.3000,17,40.04,150.04,190.19,2026-05-08 14:37:09
RC1_n100_d25_0010.csv,1365.7000,11,40.05,150.05,190.20,2026-05-08 14:40:20
RC1_n100_d25_0011.csv,1869.7000,18,40.04,150.04,190.10,2026-05-08 14:43:30
RC1_n100_d25_0012.csv,1792.9000,18,40.04,2396.51,2436.58,2026-05-08 15:24:06
RC1_n100_d25_0013.csv,2061.4000,21,40.05,150.04,190.12,2026-05-08 15:27:16
RC1_n100_d25_0014.csv,1493.7000,13,40.05,150.04,190.12,2026-05-08 15:30:27
RC1_n100_d25_0015.csv,1399.0000,11,60.08,150.04,210.22,2026-05-08 15:33:57
RC1_n100_d25_0016.csv,1648.2000,15,40.04,150.04,190.10,2026-05-08 15:37:07
RC1_n100_d25_0017.csv,1733.0000,17,40.04,150.04,190.11,2026-05-08 15:40:17
RC1_n100_d25_0018.csv,1822.1000,16,60.07,150.03,210.12,2026-05-08 15:43:47
RC1_n100_d25_0019.csv,1730.0000,17,40.03,150.03,190.10,2026-05-08 15:46:57
RC1_n100_d25_0020.csv,1554.2000,14,40.04,150.04,190.17,2026-05-08 15:50:07
RC1_n100_d25_0021.csv,1703.6000,17,40.05,150.06,190.16,2026-05-08 15:53:18
RC1_n100_d25_0022.csv,1347.6000,10,40.05,150.04,190.15,2026-05-08 15:56:28
RC1_n100_d25_0023.csv,2062.8000,20,60.07,150.03,210.13,2026-05-08 15:59:58
RC1_n100_d25_0024.csv,1430.8000,11,40.04,150.06,190.13,2026-05-08 16:03:08
RC1_n100_d25_0025.csv,1645.0000,16,40.03,150.04,190.16,2026-05-08 16:06:18
RC1_n100_d25_0026.csv,1368.1000,12,40.04,150.04,190.12,2026-05-08 16:09:28
RC1_n100_d25_0027.csv,1281.3000,10,40.04,150.05,190.12,2026-05-08 16:12:38
RC1_n100_d25_0028.csv,1588.7000,15,40.04,150.05,190.12,2026-05-08 16:15:49
RC1_n100_d25_0029.csv,1462.9000,11,60.08,150.04,210.16,2026-05-08 16:19:19
RC1_n100_d25_0030.csv,1502.6000,13,40.04,150.05,190.18,2026-05-08 16:22:29
RC1_n100_d25_0031.csv,1641.3000,15,60.07,150.06,210.25,2026-05-08 16:25:59
RC1_n100_d25_0032.csv,1332.1000,11,40.04,150.04,190.10,2026-05-08 16:29:09
RC1_n100_d25_0033.csv,1956.9000,20,40.04,150.04,190.12,2026-05-08 16:32:19
RC1_n100_d25_0034.csv,1392.9000,11,40.07,150.05,190.22,2026-05-08 16:35:30
RC1_n100_d25_0035.csv,1575.9000,15,40.03,150.04,190.17,2026-05-08 16:38:40
RC1_n100_d25_0036.csv,1845.9000,17,40.03,150.04,190.10,2026-05-08 16:41:50
RC1_n100_d25_0037.csv,1671.7000,15,40.06,150.04,190.14,2026-05-08 16:45:00
RC1_n100_d25_0038.csv,1485.1000,13,40.05,150.06,190.21,2026-05-08 16:48:10
RC1_n100_d50_0001.csv,1847.2000,17,40.06,150.04,190.13,2026-05-08 16:51:20
RC1_n100_d50_0002.csv,1789.3000,17,60.09,150.04,210.23,2026-05-08 16:54:51
RC1_n100_d50_0003.csv,1508.9000,13,60.08,150.04,210.15,2026-05-08 16:58:21
RC1_n100_d50_0004.csv,1519.2000,11,60.08,150.05,210.23,2026-05-08 17:01:51
RC1_n100_d50_0005.csv,2090.9000,21,40.04,150.04,190.10,2026-05-08 17:05:01
RC1_n100_d50_0006.csv,1648.5000,16,40.03,150.04,190.19,2026-05-08 17:08:11
RC1_n100_d50_0007.csv,1367.1000,11,60.08,150.05,210.17,2026-05-08 17:11:41
RC1_n100_d50_0008.csv,1352.6000,11,60.07,150.04,210.15,2026-05-08 17:15:12
RC1_n100_d50_0009.csv,1606.4000,12,60.07,150.04,210.13,2026-05-08 17:18:42
RC1_n100_d50_0010.csv,1424.6000,11,60.07,150.04,210.14,2026-05-08 17:22:12
RC1_n100_d50_0011.csv,1943.2000,19,40.04,150.04,190.10,2026-05-08 17:25:22
RC1_n100_d50_0012.csv,1633.2000,15,40.04,150.05,190.12,2026-05-08 17:28:32
RC1_n100_d50_0013.csv,1777.0000,17,40.04,150.04,190.11,2026-05-08 17:31:42
RC1_n100_d50_0014.csv,1815.5000,18,60.06,150.04,210.12,2026-05-08 17:35:12
RC1_n100_d50_0015.csv,1363.6000,11,40.04,150.05,190.12,2026-05-08 17:38:22
RC1_n100_d50_0016.csv,2014.7000,18,40.04,150.04,190.19,2026-05-08 17:41:33
RC1_n100_d50_0017.csv,1430.9000,11,60.07,150.04,210.21,2026-05-08 17:45:03
RC1_n100_d50_0018.csv,2148.5000,19,60.06,150.05,210.15,2026-05-08 17:48:33
RC1_n100_d50_0019.csv,1903.1000,17,60.07,150.04,210.21,2026-05-08 17:52:03
RC1_n100_d50_0020.csv,2160.8000,19,60.08,150.03,210.15,2026-05-08 17:55:33
RC1_n100_d50_0021.csv,1778.0000,17,40.06,150.04,190.13,2026-05-08 17:58:43
RC1_n100_d50_0022.csv,1495.4000,12,60.08,150.04,210.15,2026-05-08 18:02:14
RC1_n100_d50_0023.csv,1699.2000,15,60.08,150.04,210.15,2026-05-08 18:05:44
RC1_n100_d50_0024.csv,2156.7000,21,40.05,150.04,190.18,2026-05-08 18:08:54
RC1_n100_d50_0025.csv,1896.2000,18,40.04,150.04,190.11,2026-05-08 18:12:04
RC1_n100_d50_0026.csv,1742.9000,16,60.08,150.05,210.15,2026-05-08 18:15:34
RC1_n100_d50_0027.csv,1999.5000,20,60.06,150.04,210.13,2026-05-08 18:19:04
RC1_n100_d50_0028.csv,2011.8000,21,60.08,150.04,210.14,2026-05-08 18:22:34
RC1_n100_d50_0029.csv,1657.1000,17,40.04,150.04,190.10,2026-05-08 18:25:45
RC1_n100_d50_0030.csv,1609.1000,15,40.03,150.04,190.16,2026-05-08 18:28:55
RC1_n100_d50_0031.csv,2391.2000,23,60.08,150.03,210.15,2026-05-08 18:32:25
RC1_n100_d50_0032.csv,1472.8000,12,40.05,150.04,190.13,2026-05-08 18:35:35
RC1_n100_d50_0033.csv,1945.5000,19,60.07,150.05,210.14,2026-05-08 18:39:05
RC1_n100_d50_0034.csv,1664.0000,16,40.04,150.04,190.19,2026-05-08 18:42:15
RC1_n100_d50_0035.csv,1938.4000,17,60.07,150.05,210.15,2026-05-08 18:45:46
RC1_n100_d50_0036.csv,1487.8000,12,40.04,150.04,190.11,2026-05-08 18:48:56
RC1_n100_d50_0037.csv,2048.7000,20,60.07,150.04,210.13,2026-05-08 18:52:26
RC1_n100_d50_0038.csv,1556.1000,13,40.05,150.07,190.21,2026-05-08 18:55:36
